content,rate
"Tidak bisa ""sedekah rahasia"". 1. Setelah sedekah dikirimi email yang tidak bisa di unsubscribe seperti umumnya email berlangganan. 2. Dikirimi pesan WhatsApp setelah sedekah. Mohon lebih menghargai donatur yang hanya ingin rutin bersedekah tanpa di spam WhatsApp dan Email. Edit: Menanggapi balasan pengembang, saya berargumen. Penting bagi pengguna memiliki opsi notifikasi seperti umumnya aplikasi. Pengaturan tanpa opsi pilihan cara menerima notifikasi sangat menganggu pengguna.",negative
Mohon maaf saya ubah ratingnya untuk perbaikan aplikasi. Karena ketika mau melakukan sedekah tidak dapat memuat jaringan terus seperti offline padahal sya buka aplikasi lain lancar. Saya coba uninstal malah saya tidak dapat masuk ke akun saya. Mohon perbaikannya,negative
Amal Sholeh kenapa ya? Ini akun ku tiba tiba ke log out sendiri. dan saldo nya tiba tiba 0. Udah aku refresh dan coba log in lagi tapi saldo nya juga belum muncul. Semua program sedekah rutin nya juga hilang. Bisa tolong bantu ini bagaimana ?,negative
"Suka banget sama aplikasinya, topupnya mudah, sedekahnya lancar, bisa sedekah rutin waktunya disesuaikan sendiri. Semoga selalu konsisten memberikan yang terbaik, love banget💕",positive
"Aplikasinya mudah digunakan, dan banyak fitur kebaikan yang bisa digunakan. Saya lebih sering menggunakan fitur Quran ya, enak dibaca. Kereenn!!",positive
Tolong arahannya gimana caranya Saya pengen open donasi untuk meneruskan pembangunan majlis ta'liim yg tersendat karena terkendala oleh biaya? Aplikasinya bagus banget cuma belum faham terutama yg di atas tadi,negative
"Aplikasinya bagus, suka dengan berbagai fiturnya. Rekomen untuk yg ingin berbagi dan beramal. tks",positive
Kenapa ya kalo isi saldo itu udh d tf tapi masuknya lama . Tolong d perbaiki ya. For all semua oke . Berkah trs ya,negative
"Alhamdulillah bisa sedekah subuh secara otomatis , ada doa2 dan dzikir pagi petang juga serta jadwal solat . Sedikit saran mohon jadwal solat nya ditambahi alarm adzan ya..terima kasih",positive
"MasyaAllah Alhamdulillah terimakasih sudah menjadi jembatan Amalsholeh dan sudah menjadi aplikasi yg memudahkan kita untuk melalukan kebaikan,sedekah lebih mudah dan bisa sedekah mulai Rp.1000..aplikasi nya juga sangat mudah digunakan....",positive
Sangat membantu sekali buat sdr2 kita yg benar2 membutuhkan hingga ke plosok daerah..memudahkan kita sedekaah tanpa hrs terlupakan rutin..team Amal soleh menjembatani kita semua dg Amanah🤝,positive
"bismilahirohmanirrohim,allhamdulilah dengan adanya aplikasi ini sangat membantu sekali untuk bisa sedekah setiap harinya walaupun hanya dengan 1000 rupiah,terima kasih🙏",positive
Ini knp malah ga bisa bisa nge-load program sama sekali sih? kirain koneksinya.. tak pake download lancar streaming lancar kok buka app ini malah ga bisa nge-load konten sama sekali.. tolong di fixkan lagi.. thx,negative
"MasyaAllah ini aplikasi paling terbagus menurut saya,.dilengkapi dengan fitur alquran yg bagus banget dan banyak opsinya, juga ada doa doa yang sesuai sunnah dan lainnya.. Salah satu aplikasi penghantar kita atau penolong kita dalam kebaikan dan untuk akhirat kita nanti. Terimakasih aplikasi amal shaleh semoga maju terus dan menjadi amal jariyah dan pahala yang besar.",positive
"Aplikasi sesuai keinginan saya, ada sedekah harian juga ada Alquran, tapi tolong ukuran hurufnya arabnya diperbesar lagi jangan mentok di 30.",negative
"Assalamu'alaikum Alhamdulillah AmalSholeh sudah ada aplikasinya sendiri jd tidak susah lagi utk bisa berdonasi, karena sebelumnya harus login lewat browser utk donasi. MasyaAllah Aplikasinya sangat bermanfaat karena bukan cuma untuk berdonasi tp ada bnyk fitur, seperti Al-Quran : terdapat nama surah, juz & ada bookmark yg memudahkan kita saat membaca. Waktu Sholat : ketepatan jam waktunya cukup akurat dengan lokasi kita berada & ada arah kiblat nya pula. Kumpulan Doa dan artikel. @_heru4supri_",positive
"saya sudah mengisi saldo ,terkendala masuknya lama ,tau"" dibatalkan sendiri saldo tetep gak masuk ,saya chat lewat WA gak ada balasan ,saya sering terkendala melalui pengisian saldo ,apa nanti bener"" tersalurkan untuk dana dr orang"" yg mau beramal ,terimakasih",negative
"Aplikasinya sebenernya bagus, Cuma kenapa saya terkendala ketika akan membayar donasi lewat shopepay selalu terkendala, tidak bisa otomatis kemudian juga sudah coba manual tapi di menu pembayaran donasi tidak ada pilihan lembayaran untuk amal sholeh, mohon solusinya mim, terimakasih 🙏",negative
"Admin,sekedar usulan,bagaimana kalo di aplikasi baca Al-Qur'an dibuat menu membuka halaman terakhir baca Al-Qur'annya. Ketika kita sudah memberi tanda terakhir baca. Maka kita nggak repot lagi scrol ke bawah di halaman surahnya. Terima kasih banyak",negative
"Sering bingung jika ada iklan di facebook seputar penyaluran untuk beramal. Kadang cuek aja. Karena bingung, gimana caranya agar bisa sedekah tanpa harus ribet. ALHAMADULILLAH Dengan adanya app ini. Sangat membantu sekali. Untuk bisa berdonasi pada saudara muslim kita di seluruh penjuru nusantara. Yang memang membutuhkan bantuan MASHAALLAH",positive
"Alhamdulillah. Aplikasinya sangat bermanfaat, dengan desain yang menarik juga ramah. Terima kasih developer dan tim yang sudah menciptakan dan memberdayakan aplikasi ini. Semoga menjadi amal jariyah dan terus menebar kebermanfaatan. Sehat dan sukses selalu, orang baik🙏",positive
"MasyaAllah, salah satu aplikasi yang recommended banget buat beramal. Fitur yang disediakan lengkap dan sangat bermanfaat seperti tersedianya Al-Quran, jadwal sholat, artikel islami dan ladang amal (donasi) update, juga disertai doa harian yang InsyaAllah sangat bermanfaat sekali buat penggunanya. Saya merasa bersyukur sebagai salah satu pengguna aplikasi ini. Semoga Allah selalu mempermudah kita meningkatkan amal sholeh yang salah satunya bisa kita terapkan melalui aplikasi ini @nuralfan19",positive
"Untuk semua muslim muslimah indonesia saya sangat rekomendasi kan aplikasi dan dukung program yang ada sesuai kemampuan, buat pengembang kembangkan terus aplikasi ini bukan hanya sekedar donasi dan info, tapi juga bisnis syariah, semoga maju terus muslim Indonesia dalam rangka menggapai Surga yang dijanjikan Allah Terimakasih",neutral
"aplikasi yg sangat positif, sangat bermanfaat, saran saya ada fitur dompet digitalnya, jadi lebih memudahkan lagi bagi kami yg ingin berdonasi, tinggal klik saldo pada masing"" akun begitu... jadi lebih simple...",negative
"MasyaAllah semakin dipermudah untuk kita beramal dengan aplikasi ini,mungkin terasa kecil bagi kita tp sungguh sangat bermanfaat bagi mereka yang membutuhkan.. terimakasih karna sudah membuat aplikasi yg sangat bermanfaat ini..semoga kedepan semakin banyak orang yang terbantu....",positive
"Alhamdulillah dengan adanya aplikasi amalsholeh tidak perlu ribet amal melalui transfer bank, bisa dengan saldo gopay. Semoga semakin lebih baik dan sangat membantu.. Ig @yulianti.snd",positive
"MasyaAllah, bener bener mempermudah banget kalo mau donasi, selain simple terus bisa donasi mulai dari 1.000 ajaa, fiturnya juga kumplit, ada Al Qur'an, waktu shalat, dan Do'a hariannya juga, Barakallahu Fiik🥺🥰 @najmahairo",positive
"Alhamdulillah kakak Terimakasih banyak atas pelayanan yg begitu baik & ramah, Alhamdulillah saldo dompet saya di aplikasi Amal Sholeh sudah masuk dan sudah bertambah ternyata perlu waktu proses dan di perlu juga restart hp agar saldo top up kita muncul, sekali lagi Terimakasih kak atas adanya aplikasi ini mempermudah dalam kebaikan, Barakallah kak semoga selalu dalam lindungan Allah, dan sukses dan makin terus berkembang buat Amal Sholeh terus sebarkan kebaikan ❤️❤️",neutral
"Assalamualaikum warahmatullahi wabarakaatuh, Alhamdulillah dengan adanya ini bisa bersedekah sesuai kemampuan setiap hari,kmaren2 bisa tapi knp ya tadi mo berdonasi kok ga bisa pas mo bayar ada tulisan ""aplikasi tidak terinstal"" padahal kmaren2 ga muncul tulisan itu.mohon caranya gmn ya agar bisa berdonasi lewat aplikasi ini.jazakumullah Khoiron 🙏",negative
"Saya suka banget sama app nya. Mudah digunain, tapi sekedar saran, semoga ke depannya ada fitur untuk save atau bookmark sedekah nya. Jadi kalau mau sedekah lagi, kita tinggal liat apa aja yang udah dibookmark. Terima kasih. Tetap semangat min",neutral
Aplikasi yg bener2 tujuannya mendidik akhlak.moral dan iman kita. kenapa karena dari beramal.jadwal solat.surah2 artikel.doa2.arah kiblat. smua ada di 1 aplikasi ini smga banyak org brubah lebih baik dengan aplikasi ini. karena duniawi bukan tempat akhir kita.,positive
"Assalamualaikum, saya mau tanya. Di aplikasi amal sholeh ini banyak program donasi. Dan didalam aplikasi amal sholeh ini ada tiap yayasan/ lembaga yang berbeda beda yang menanganinya. Apakah kita berdonasi di amal sholeh apakah teesampaikan di yayasan atau lembaga tersebut yang menanganinya ? Dan kalau ya apalikasi ininsangat bagus untuk yang ingin menyisihkan hartanya.",neutral
smoga bermanfaat bagi para santri...aamiin 🤲 & saya harap aplikasi ini sungguhan bukan penipuan,neutral
"Assalamualaikum wr.wb, Alhamdulillah saya merasa bahagia bisa membantu sedikit kepada yg membutuhkan, Dari lubuk hati saya, saya berterima kasih dengan aplikasi ini telah memberi saya harapan baru untuk membantu sesama dan mendapatakan pahala yang berlimpah, mudah2an apa yang kita semua lakukan selalu diberi jalan terbaik. Ig : @satriadarma99",positive
"Alhamdulillah jadi lebih mudah dengan aplikasi ini untuk berbagi sesama, aplikasi juga lengkap, semoga bisa terus update jadi lebih baik, sukses selalu 😊 @shellasahara",positive
"Aplikasi yang sangat bagus, dpt memfasilitasi niat baik untuk beramal sholeh, mudah²an amanah dan tetap istiqomah saling membantu didalam kebaikan",positive
"Sebuah program yg bagus sekali, dimana infaq, sodaqoh kita cepat dan tepat sasaran tersalurkan.... Smoga tetap selalu menjadi jembatan kebaikan buat umat",positive
Mantapks. Aplikasinya user friendly dan mudah utk berdonasi dengan banyak pilihan cara pembayaran.,positive
sangat mempermudah untuk bersedekah,positive
"Alhamdulillah, bagi saya pribadi aplikasi ini sangat berguna. Dan bagi teman2 yg suka bersedekah aplikasi ini sangat mendukung apalagi di dalamnya terdapat Al-Qur'an serta terjemahan dan banyak doa-doa harian. Ig_ivynsan",positive
Assalamualaikum Wr.Wb... Dengan adanya App AmalSholeh ini segala kebaikan dan manfaat untuk berbagi dari segala urusan kita tambah semakin mudah dan terarah tinggal melihat berbagai macam sodara2 kita yang memerlukan tangan kebaikan dari kita semua. Sangat2 terbantu dan App ini sangat bermanfaat insyaalloh dan selalu diberi perlindungan-Nya untuk crew AmalSholeh ini... Aamiin Salam @santramprd,positive
"Alhamdulillah, sangat mudah digunakan",positive
"Bagus, sangat membantu, saya suka... Semoga amanah. Sukses buat yg membuatnya semoga makin berkembang sehingga makin banyak lagi yg membantu untuk sesam.",positive
Aplikasi ini yang saya tunggu jadi tidak bingung lagi jika ingin membagikan sebagian harta kita untuk yg lebih membutuhkan. Semoga Setiap amal Sholeh akan lebih bermanfaat untuk yg membutuhkan Aamiin ya Robbal 'alamiin,positive
"MaasyaAllah ,,,aplikasi ini sangat bagus dan sangat memeper mudah untuk beramal dan mencari doa² dan masih bnyak yg lainnya .. @gresianabungafaridiani",positive
"Alhamdulillah saya bersyukur karena mengenal app amal sholeh, dari sini kita bisa bersedakah kapan pun dan walaupun dengan jarak yang jauh, semoga amal sholeh selalu amanah dan menjadi jembatan terbaik untuk orang-orang baik yang ingin beramal jariah 😇😍 @rismahasanah17",positive
"Saldo dompet ada isinya, tapi ko mau donasi mau ambil dari saldo dompet ko jadi 0 rupiah..? Balik buka beranda lagi masih ada nominalnya! Untuk aplikasi bagus, saya suka.. semoga jadi berkah untuk semua nya.. Terimakasih..",negative
"Alhamdulillah, tidak ada alasan.., untuk kita dalam berlomba lomba dalam kebaikan., aplikasi yang sangat mudah untuk di gunakan..",positive
"Masya Allah, Alhamdulillah baru tahu ada aplikasi keren seperti ini. Plus ada waktu shalat, artikel, dan Al-Qur'an. Lengkap, terus tingkatkan kualitas nya admin 🙏🏼 dengan menambahkan akun² penggalang dana yang bisa menambah kepercayaan, seperti rumah zakat, rumah yatim, dlsb. Btw apa tidak buka dompet amalsholeh sendiri min? Biar untuk deposit?",neutral
"Alhamdulillah ya allah. Aplikasi ini sangat bagus sekali. Meskipun dari rumah bisa dengan mudah beramal saleh. Dimanapun, kapanpun. Masya Allah...",positive
Aplikasinya sekarang semakin bagus dan fiturnya juga semakin lengkap. Saya punya usul untuk tim AmalSholeh supaya pilihan pembayaran instan yang ada di dalam aplikasi AmalSholeh maupun website ini bisa juga menggunakan LinkAja selain Gopay dan ShopeePay yang sudah ada saat ini. Semoga usulan saya ini bisa dipertimbangkan untuk kemajuan program AmalSholeh kedepannya. Syukron wajazakumullahu khairan katsira.,neutral
"Alhmdulillah aplikasi sngat bgus, mudah untuk bersedekah. membaca al qur an, jdwal sholat, dan ada doa2 lengkap 👍👍",positive
"aplikasi sangat membantu, lebih mudah berdonasi, bisa baca qur'an juga , sehingga bermain handphone pun tetap mencari ridha allah .. aplikasi yang good @bayu_ag01",positive
Alhamdulillah aplikasi ini amanah dan terpercaya..rekomendasi buat orang orang baik yang ingin bersedekah dan membantu orang banyak yang butuh uluran tangan kita. Jangan pernah lelah untuk berbagi. Salam hormat saya @ridonandaa,positive
"Halo admin minta tolong balas chat saya sudah saya email dan chat WhatsApp tapi tidak dibaca, saya disini butuh kepastian dan penyelesaian masalah yang saya hadapi, saya sangat menaruh banyak harapan dari aplikasi ini, saya sudah menggunakan ini dan sangat nyaman sekali, mohon pengertiannya. saya akan menaikkan bintang dan banyak mengshare jika benar-benar admin bisa membantu saya 🙏🏻 terimakasih",negative
Alhamdulillah bisa beramal dengan mudah dan kapan saja .. membantu bangett untuk ngumpulin tabungan d akhirat 😇 Instagram @mayraa8220,positive
"Maa syaa Allah, aku baru download aplikasinya. Dan baru liat isi2 program yg ada di aplikasi Amal Sholeh ini, memudahkan aku khususnya kita semua untuk memulai kebaikan setiap hari🥺 gampang banget kalo mau donasi juga bisa dengan cara apapun. Semoga aplikasi ini menjadi salah satu cara kita bisa mendapatkan kebaikan serta pahala jariyah. Sukses & berkah terus tim Amal Sholeh semoga Allah mudahkan urusan semuanya karena menjadi jalan bagi kami utk membantu sesama🥰 Semangat!! @dheacintyaislami",positive
"Aplikasinya sangat bagus , semoga selalu mengingatkan dalam kebaikan sesama . Instagram @rimarewulandari",positive
Aplikasi yang sangat bagus dan bermanfaat. Mempermudah dalam melakukan sedekah. Semoga semakin sukses 🙂. @lolaangela95,positive
lebih ditingkatkan lagi dong kualitasnya. kalo transfer nggak cepet langsung masuk kudu nunggu lama,negative
Aplikasi yg bagus memudahkan donasi ke sesama. Dpt info terupdate secara berkala. @fitria_muslimah_store,positive
"membantu dalam berinfaq, bersedekah, dan berwakaf",positive
"Alhamdulillah skrg sdh ada aplikasinya,,jadi bisa liat kegiatan2 santri penghafal Al-Qur'an,senang sekali bisa menjadi keluarga di Komunitas ini,adminnya cepat tanggap,selalu memberi informasi tentang kegiatan2 yg ada di komunitas ini,yg selalu bikin saya nangis dan terharu,suka ngingetin dalam kebaikan,semoga kita bisa terus menebar kebaikan di mana pun berada,Aamiin ya robbal Alamin, ""Jangan bosan jadi orang baik"" IG :rahulhidayah2906",positive
"Aplikasi ini memudahkan untuk berdonasi,beramal,dan mengetahui program2 amal soleh..semoga bisa tetap beramal melalui program ini..Aamiin YRA",positive
"Alhamdulillah, sangat membantu dan memudahkan niat baik kita semua yang ingin terus berbagi, baarakallaahu fiikum @umma_aca",positive
"Aplikasi amal sholeh ini adalah jembatan menuju surga Nya Allah.....ladang amal jariyah buat semua nya terkhusus buat saya, bpk-ibu dan keluarga saya pribadi....goodluck N goodjob @yyn.rianto",positive
"Sangat bermanfaat, dan mempermudah untuk bersedekah secara cepat dan tepat.@dedi_pj.s.h",positive
"Masyallah dengan adanya aplikasi ini kita dimudahkan untuk beserdekah, pembayaran yang mudah dan transparan, semoga dengan bersedekah pahala kita dilipat gandakan dan masuk surga amin @sutawjaya",positive
Aplikasi yg bermanfaat sangat mudah untuk berdonasi kapan pun dan dengan jumlah berapapun,positive
Assalamualaikum wr wb....alhamdulillah dengan adanya aplikasi ini..kita bisa ttp bersedekah meskipun jmlh nya g banyak..slain itu ada jadwal sholat..arah kiblat dan doa2 harian yg bisa bimbing kita stiap harinya..semoga berkah yaa,positive
"Alhmdllh semoga makin banyak yg tergabung aplikasi sangat baik,mempermudah untuk beramal soleh bekal dimana hari pembangkitan tidak bersama siapa² kecuali amal soleh.",positive
Aplikasi Bagus..yang menjembatani utk beramal soleh. Tabungan Akhirat yang sangat berfaedah. Semoga berkah dan bermanfaat 👍👍,positive
"Bismillah.. MasyaAllah, ini aplikasi amal sholeh bagus, sekarang engga ada alasan untuk kita terus berkontribusi dalam kebaikan. Dimananpun, kapanpun. Karena dengan apl ini, sangat memudahkan kita semua yang ingin membantu sesama umat muslim.. MasyaAllah tabarakaallah. Sukses dan terus tebar kebaikan dan senyuman (sharesmile) Ig akun @hilmanew",positive
"Kenapa ngak bisa login lewat akun fb yahh?? Padahal kalau gak salah waktu daftar beberapa bulan yang lalu, daftar lewat fb 😟😟",negative
Aplikasinya Bermanfaat sekali dan Simpel sekali untuk Berdonasi. Mudah-mudah Alloh Memberi kita Keberkahan dan Keridhoannya. Aamiin.. IG : @k4m4lzz,positive
"Dengan aplikasi amal sholeh memudahkan donatur untuk berdonasi.Mudah2an kedepannya bisa ditambah platfrom e wallet (dana,ovo,linkaja dll)untuk pembayaran donasi.terima kasih",neutral
"Aplikasinya tolong di perbaiki agar bisa fast respon dan memudahkan , terimakasih",negative
"Alhamdulillah untuk aplikasi sangat membantu, pilihan untuk donasi lebih banyak dan user friendly.",positive
Sangat bermanfaat sekali buat saya pribadi dan program2nya sangat bisa dipercaya. Report dan kegiatan selalu transfaran. Semoga kita sellu dalam ridho allah. Aamiin yra. Ig.Bayoeferguson34,positive
"Saya suka dengan apk nya,,semoga kedepannya ada fitur alarm adzan pada waktu sholat..",neutral
Subhanallah... aplikasi luar biasa . Semoga kita bisa terus menebar manfaat keseluruh penjuru dunia @tutimardiati098,positive
"Semoga aplikasi nya memudahkan semua pengguna agar bisa berdonasi secara gampang, apa yg di berikan kebaikan semoga menjadi berkah..",positive
"Alhamdulillah, terimakasih untuk tim amal soleh. Dengan hadirnya aplikasi ini inshaallah bisa mempermudah setiap orang untuk peduli dan berbagi terhadap sesama. Barakallahu...",positive
"Dengan adanya apk ini,gaji sya bisa saya sisihkan buat sedekah/waqaf buat saudara seiman/sebangsa saya yg membutuhkan..tingkatkan trus apkNya agar smakin manfaatnya smakin besar buat umat..AMIIIN",neutral
"Cuma mau tanya kenapa ga bisa donasi lewat app, setiap mau donasi pasti gagal coba lagi nanti? Tolong di perbaiki",negative
"Keren! App belanja online? senangnya sendirian! app amalsholeh? Senang dan tenangnya barengan. sedekah sama2 dr rumah, sehat2 tim #jembatankebaikan tetap istiqomah. @ankedaahh_",positive
bagus bgt nih aplikasi...semua nya berisi mengajak kebaikan dan bermanfaat..ada waktu sholat dll..,positive
"Aplikasinya bagus bnget... Sangat bermanfaat bagi orang banyak,karena didunia ini sebaik baiknya manusia,adalah manusia yg bermanfaat bagi orang lain. Dan aplikasi ini telah melakukan itu. Thanks AmalSholeh... @monali.sa",positive
masya allah sangat mempermudah kita dalam membantu sesama. caranya mudah dan dapat di pahami😇,positive
"App sedekah terbaik. Lengkap ada doa doa, jadwal sholat, artikel, semoga aplikasi ini semakin bermanfaat",positive
Payah mau daftar susah banget ga bisa2 kalah fitur banget dibanding kayak kitabisa,negative
"Aplikasi nya bagus, sangat membantu untuk mudah berdonasi",positive
"Alhamdulillah puji syukur senantiasa kita panjatkan kepada ALLAH SWT, dengan aplikasi ini kita dimudahkan untuk beramal soleh (infak/sodakoh/jariyah) semoga apa yang kita infakan bisa bermanfaat untuk yang membutuhkan",positive
"Bagus,bermanfaat.ada yg selalu mengingatkan buat berbagi.cm bbrp hri ini kl klik donasi.gak bs ya.apa jaringan atau apa",neutral
Kenapa gak bisa log in ya? Udh coba di uninstall terus install ulang tetep aja gak bisa,negative
Alhamdulillah dengan adanya aplikasi ini kita bisa mempermudah untuk beramal dalam kebaikan akun instagram @abytata81,positive
"Alahmdullialh dengan adanya aplikasi ini , memudahkan untuk beramal ✨✨ mamantulan Indonesia ~",positive
Kenapa saldo saya yg saya transfer dari shopee pay tanggal 12 Februari belum masuk2 padahal ada riwayat masuk saldo? Tolong ditanggapi,negative
Alhamdulillah semakin mudah untuk beramal. aplikasi juga mudah digunakan,positive
"Masya Allah, Alhamdulillah Aplikasinya Bagus sekali untuk Ummat, Semoga dengan Aplikasi Amal Sholeh ini Banyak Ummat yang dapat Berinfaq dan Sedekah, Serta Nantinya Aplikasi ini dapat Berkembang lagi kedepannya. Aamiin Ya Rabbal'alamiin",positive
"Aplikasi amal Sholeh bagus banget, donasi hanya 10000 saja kita di do'akan nya sampai ke kedua orang tua, subhanallah",positive
Dengan adanya apk ini kita semua jadi bisa beramal biarpun sedikit yg penting ikhlas mudah2an amal kita semua di trima alloh swt amiin ...,positive
Bisa d tambahin e-wallet dana soal nya saya gk punya gopay atau shopeepay,negative
keren luar biasa,positive
Alhamdulillah ada aplikasi seperti ini. Sehingga kita lebih mudah untuk bisa beramal. Semoga saudara2 kita semakin banyak yg tergerak hatinya untuk beramal. Dan hasilnya kita bisa membanti saudara2 kita yg membutuhkan. Aamiin,positive
Aplikasi sangat bagus untuk kegiatan beramal dan bersedeqah.,positive
"Alhamdulillah sangat membantu ,semoga manjadi jalan terwujudnya tujuan kami membangun asrama santri yang lebih layak, dan para donatur semakin berkah umur & hartanya , amiiin",positive
Masya allah ini apk nya sangat membantu sekali sekarang puasa ramadon jd gk males lg soalnya udah ada apk ini js cepet dongload apk ini pasti gk bakal nyeseldeh dapet pahala dan dapet uang wasalamualaikun wr wb,positive
Loading nya lambat lama sinyal bagus padahal..,negative
"Alhamdulillah, dgn adanya aplikasi ini lbh mudah untuk beramal, semogah makin bnyak yg bergabung & semoga yg bergabung dipermudah melakukan sagala hal...aamiin😇😇🙏",positive
Aplikasi sangat bermanfaat dan memudahkan untuk beramal ... ig@indrianisesa,positive
"Aplikasi yg bagus,, semoga amanah dalam penyaluran donasi nya dan semoga bermanfaat bagi penerima,, aamiin",positive
Insyaallah app baik & sll amanah,positive
Assalamu'alaikum... Masya Alloh aplikasinya keren bgt..semoga aplikasinya tambah keren terus ya,positive
posting kebaikan yg sudah tersalurkan agar tranparan dan terpercaya,negative
"insha Alloh amalnya dan doanya terhijabah,, aamiin",positive
Alhamdulillah. Dengan app ini bisa mempermudah utk berbuat kebaikan dan bisa membantu orang yg membutuhkan.,positive
Aplikasi sangat bagus...bisa membantu kita beramal online...terima kasih,positive
"Bantu saya masuk, udh masuk menggunakan email gk bisa fb gk bisa dftar juga gk bisa kendala di pasword",negative
"Aplikasi yg sangat bermanfaat, yg secara ga langsung mengingatkan saya bahwa dalam harta yg saya punya ada hak mereka yg membutuhkan. Semoga bisa Istiqomah dalam bersedekah. Aamiin @mellysa_savitri",positive
"Sangat bermanfaat dan memudahkan bersedekah lebih cepat, praktis dan aman. Smoga Allah membalas kebaikkan para pengurus amal soleh. 😊",positive
"MasyaAllah aplikasi ini betul2 memudahkan aku buat infaq setiap saat Makin scroll kebawah makin banyak program menarik untuk kita beramal sholeh 🤗 Semoga semakin berkah, makin banyak menebar manfaat dan makin banyak donaturnya aamiin ❤️ Instagram: @Lsayuuu",positive
"Semoga dengan adanya aplikasi amal sholeh ini bisa mempermudah kita untuk melakukan amal kebaikan, semoga bisa membawa berkah aplikasi ini @sekawaito.",neutral
Kok tidak bisa Log in ke Akun saya Ya ?,negative
"Insha Allah berkah dgn adanya aplikasi ini. Kita bisa donasi setiap saat, di manapun dan kapanpun.. aminnn",positive
Agar ada tanda bahwa sudah beberapa hari dan kali sudah bedonasi (bertanggal) setiap setelah bedonasi,neutral
semoga bermanfaat untuk banyak orang,neutral
Dengan aplikasi ini mempermudah saya untuk beramal & membantu utk ibadah tepat wkt @hesti_usmiyati,positive
"Dulu saya bingung bagaimana menyalurkan sedekah saat subuh, dan memastikan sedekah saya disalurkan ke yang benar2 berhak membutuhkan...namun sekarang aplikasi amal sholeh mempermudah semuanya, sedekah bisa kapan saja dan dimana saja..dan insyaAllah jelas disalurkan kemana aja. Semoga menjadi amal jariyah bagi kita semua aamiin @_6ristio_",positive
Aplikasi nya mudah semoga terus amanah,positive
"Bismillah,, aplikasinya bagus, top-up saldo dompetnya mudah, banyak pilihannya.. transparansi dalam laporan penyerahan/ penggunaan donasi, mudah dan menarik untuk dibaca, mudah dan terjaga ke-istiqomah bersedekah dengan menu ""Sedekah rutin"". Semoga kita semua menjadi hamba2 Allah yang pandai/ rajin bersedekah, terjaga amalan dan imannya, memperoleh berkah hidup, bahagia dunia akhirat, mampu menjadi manusia yang bermanfaat dan senang berbuat kebaikan. Aamiin Allahuma Aamiin🤲🏻🙏🏻",positive
"Ini jawaban yg selama ini aku cari"". Aku suka sangat membantu, semoga kita semua bisa bersedekah berjama'ah..Aamiin",positive
"sedekah atau amal kit ngak akan menjadikan kita miskin, semoga amanah selalu amal Sholeh aamiin aamiin ya rabbal Al-Amin 🤲🤲🤲🙏🙏🙏",positive
alhamdulillah aplikasi yg memudahkan untuk bisa beramal semoga berkah,positive
"Tolong untuk E wallet ditambahkan pembayaran OVO ya kak, biar lebih mudah",negative
"Semoga kita semua makin rajin sedekah dengan adanya aplikasi ini, semua dibuat dengan simpel. Alhamdulillah🤲😇",positive
Alhamdulillah..tenang hatiku..SDH bisa berbagi..dan gampang banget.. tinggal transfer langsung nyampe,positive
"Assalamu'alaikum... Masukan mungkin untuk minimal donasi bisa disesuaikan minimal 2,000- Memudahkan dan memperluas potensi donasi rutin Terima kasih",neutral
halo kok emailnya nggak bisa saya udah chat admin tapi nggak dibaca tolong dibaca y,negative
"MashaaAllah... Aplikasi yg sangat bagus mengingatkan kita untuk terus beramal Sholeh dan peduli terhadap saudara saudara kita, semoga yg mengadakan program amal Sholeh diberikan keberkahan oleh Allah SWT Barakallahu fiikum buat amal sholeh🤲🙏🙏👍 @mwhsalsabila",positive
"Terimakasih, sudah menjadi jembatan kebaikan untuk semua.",positive
"Aplikasi yang baik untuk melakukan kebaikan, semoga sukses selalu buat amal Sholeh Akun Instagram ra.yan1826",positive
bagus aplikasinya. Alhamdulillah mempermudah untuk bersedekah,positive
"Tolong untuk artikel di tulis siapa penulis nya agar dapat dipertanggung jawab kan😁🙏, semoga bermanfaat . Terima kasih😁",neutral
Sangat membantu untuk Mempermudah besedekah,positive
Alhamdulillah apk yg sangat bermanfaat....cmnsekarang lagi gangguan kayanya,positive
Aplikasinya bagus ringkas mudah dipahami,positive
aplikasi nya bermanfaat sekali 😍 masyaa allah semoga makin bisa menebar kebaikan . @holla.hijabers,positive
"Dr app ini ada yg Rp . 1000 . Jd bisa latihan istiqomah sehari Rp 1000 , nabung di app ini untuk di keabadian kelak ... Insya allah saya akan coba mengkampanyekan App ini . Mohon doanya min .",positive
"Asalamualaikum min, cara lembaga gk chat kita terus gimana ya min, dan tolong dong tambahain vitur ganti no, email, nama :(",negative
Alhamdulillah dengan adanya aplikasi ini jadi kita bisa rajin bersodakoh...aamiin,positive
Alhamdulillah beramal sholeh sekarang lebih gampang berkat aplikasi amalsholeh. Gk usah repot2 lagi karan sangat membantu niat baik kita. Semoga senantiasa selalu amanah. @lya_liunq (akun IG),positive
"Aplikasi berkahbdan terpercaya, menjembatanni dan mempermudah untuk beramal sholeh di masa modern ini, semoga semakin maju, diberkahkan dan dirihoi Allah swt, barakallahu fiikum aammiin 💚 @m.fah.mi",positive
"Bismillah, semoga dengan aplikasi yang mudah ini, kita semua diberikan kesehatan dan rezeki yang barokah untuk jembatan membelanjakan harta kita di jalan Allah. Insha Allah. Aamiin",positive
"Alhamdulillah masih ada rezeki buat beramal, semoga Allah selalu mudahkan rezeki saya yang banyak&berkah...Aamiin Akun instagram : ilhammaulana9154",positive
"Alhamdulillah semoga adanya aplikasi ini bisa bermanfaat terutama bagi yang gemar bersedekah, amin",positive
"Alhamdulillah , adanya aplikasi ini membuat saya semakin mudah untuk bersedekah . Terimakasih amalsholeh , semoga banyak milyaran umat Islam yang menebar kebaikan dan bersedekah . @_farhatunnisa",positive
"Selamat PT. Fattah Tekno Digital! Perusahaan ini akan menjadi mitra Allah hingga Jannah, karna memberi wadah beramal jahiriyah utk semua kalangan umat muslim, baik miskin ataupun kaya di seluruh dunia tetap akan mampu berinvestasi akhirat karna kemudahan dalam beramal yg disediakan pada platform aplikasi ini. Terimakasih, Insyallah pahala tanpa putus utk perusahaan pencipta aplikasi brilian ini 👍🏻🙏🏻 @elvina_yollanda",neutral
"Alhamdulillah, bermanfaat sekali,jadi bisa dg mudah beramal di rumah di masa pandemi ini",positive
"Assalamualaikum warahmatullahi wabaratuh... Mohon kepada admin, tolong ditambahkan menu untuk pengingat perminggu dan perbulan supaya kami bisa berdonasi secara rutin tiap minggu/bulan..terimakasih .. Wassalamualaikum...",negative
Bismillah Alhamdulilah aplikasi ini sangat bermanfaat bagi umat yuk bersama-sama saling berbagi untuk sesama yg membutuhkan semoga ini menjadi Amal jariyah Aaamiin,positive
Tolong di tambahkan notifikasi/vitur untuk kita tahu dana yang telah tersalurkan,negative
Top Up melalui Muamalat lamaaaa konfirmasinya Jadi kecewa dan kyknya udah gamau donasi disini. Tp klo buat belajar baca qur'an subhanallah lengkap bgt,negative
Sangat bersyukur dan bisa membantu org lain lewat app ini..💪💪🙏,positive
mohon maaf tak hapus..kiriman dari jokowi nya gak masuk2 meski udah di update datanya.👍,negative
"Maasyaa Allah Tabarakallah, Aplikasi yang sangat keren untuk beramal sholeh....Semoga bermanfaat untuk umat....nickname Instagram @egineermaulana",positive
"Assalamualaikum Semoga amal sholeh menjadi app yang banyak bermanfaat kenapa saudara kita yang membutuhkan bantuan, Baik dalam bantuan bencana alam, seperti banjir, lonsor, dan juga benmanfaat sebagai penyaluran dana kenapa saudara kita yang mbutuhkan 😊😇 IG_ dumai_vlogtv",neutral
"Buat developer saya mau kasih saran, tolong tambahkan pembayaran lewat DANA untuk melakukan donasi",negative
@Nigha1506 Aplikasi yg sangat bermanfaat..sangat membantu kita utk bisa bersedekah peduli sesama..terimakasih,positive
Kerenn sangat mempermudah dalam berdonasi,positive
"Bagusnya diperbanyak pilihan pembayaran nya, Saran saya tambahkan fitur pembayaran dengan dompet digital seperti Dana dan OVO",negative
"Bismillaah, Maa Syaa Allaah semakin difasilitasi dan semakin mudah untuk kita semua melakukan kebaikan dimanapun dan kapanpun terutama untuk keluarga seiman kita sesama muslim, semoga aplikasi ini semakin bagus dan bermanfaat serta lebih banyak orang tau kalau ingin berbuat baik itu ga ribet sama sekali.. Semoga terus amanah dalam berkontribusi penebar senyum umat.. Barakallaahu fiikum🙏 Ig : nidaoktv",positive
"Tabarakallah.. Semoga jadi ladang amal sholeh untuk pengelola maupun pengguna.. Program-programnya maasyaa Allah bagus banget, jelas luas manfaatnya.. Barakallah🤍",positive
alhamdllah dg adanya aplikasi ini jdi makin mudah buat sedekah..semoga terus dberi kelancaran😀😀,positive
Alhamdulillah dengan adanya aplikasi ini selalu di ingatkan untuk sodaqoh @haeriyahdede,positive
Alkamdulilah Sekarang sudah ada aplikasinya Lebih gampang untuk beramal,positive
"Sangat bermanfaat dan mempermudah kita untuk melakukan kegiatan amal sholeh, semoga amanah dalam melakukan kegiatan Amal Sholeh ini, Aamiin",positive
Alhamdulillah. sekarang mudah ber amal dengan aplikasi ini.mantap,positive
MasyaAllah aplikasi yg sangat bermanfaat dan mempermudah kita untuk bersedekah.,positive
Berinfaq menjadi lebih mudah dan Insya Alloh sampai kepada umat muslim yang benar benar membutuhkan. @makmoernoer,positive
Semoga lewat aplikasi ini bisa menjadi pribadi lebih baik lagi🤲. Dan semoga diberi kelancaran dalam menunaikan kebaikan. Aminn😇,positive
"Alhamdulillah,, melalui aplikasi ini kita bisa mengulurkan tangan untuk membantu sodara2 kita yg sangat membutuhkan 🙏",positive
ALHAMDULILLAH... jalan menuju kebaikan.... hadir dengan mudah bersama aplikasi Amalsholeh ini...,positive
"Alhamdulillah dgn aplikasi ini mempermudah untuk infaq, zakat dan wakaf sehingga tidak ada alasan untuk tidak/malas bersedekah",positive
"mau daftar/login ""mohon menunggu""nya lama bener sih",negative
"Aplikasi bermanfaat sekaliii.. Ga percaya, cobain :)",positive
Benar benar memudahkan untuk bersedekah kapanpun dimanapun .. Terimakasih amalsholeh telah menjadi jembatan kebaikan untuk banyak orang,positive
"Sangat bermanfaat, semoga dg adanya aplikasi ini memudahkan utk infaq/sedekah, dan bermanfaat bagi banyak orang Aminnn",positive
Aplikasi yang sangat membantu untuk yang ingin sedekah infaq maupun zakat tanpa harus keluar rumah 👍👍👍,positive
alhamdulillah sarana beramal sholeh yang InsyaAllah Amanah,positive
"Assalamu'alaikum, Admin Saldo yang Telah di Salurkan Sama Yang Telah Berdonasi kalau Bisa di hapus Saja Tiap Bulanya Dari Aplikasi...",negative
Subhanalloh. Alhamdulillah ada aplikasi ini. Semoga semua mendapatkan keberkahan dari Alloh SWT.,positive
"MasyaAllah Tabarakallah.. Alhamdulillah ada aplikasi yg memudahkan untuk kita beramal. Semoga semua amal kita diterima Allah swt, dan tersalurkan dgn baik oleh team amalsholeh. Terima kasih, jazakumullah khairan, semoga Allah membalas kebaikan team amalsholeh dan kebaikan kita semua.. Aamiin ya Robbal'alamiin. @tika_kawaii",positive
Knapa aplikasi amal sholeh nya di instal tapi kok loding meluluh.,negative
"Bismillah, Masyallah alhamdulillah ada aplikasi yg amanah yg bisa bantu kita dan memudahkan kita untuk sedekah. Jujur aku baru percaya klo ada aplikasi sedekah online yg amanah. Semoga diberi kelancaran rezeki, amanah selalu dan dimudahkan diakhirat nanti bagi kita semua. Aamiin. Tabarokallah yaa Ig : minigold_ki.id",positive
"Semoga team ""AS"" mendapat lindungan dari Alloh . Bermanfaat sekali apps ya 👍",positive
aplikasi ini sangat memudahkan kita yang ingin bersedakah masyaAllah,positive
sangat bagus dan sangat membantu kita sebagai umat,positive
"Saran tolong tambahkan tombol, ""sudah transfer"" ketika kita sudah transfer dana. Terimakasih",negative
Semoga saya juga bisa ikut galang dana,neutral
Program di aplikasi ini sangat membantu saya dan keluarga saya dalam bersedekah. Semoga makin banyak program sedekah yang dapat mendekatkan diri kepada Allah SWT. Amiin 🙏🙏,positive
"Suka, memudahkan untuk saling berbagi kebaikan",positive
"Alhamdulillah, banyak informasi tempat menyalurkan sedekah utk saudara2 kita yg membutuhkan uluran tangan kita.",positive
Aplikasi yang bisa menjadi jembatan untuk beramal Sholeh dan berbagi kebahagiaan..semoga Allah memberikan Rahmat dan memberikan berkah untuk perjuangan kita semua... Aamiin,positive
"Maa syaa Allah aplikasi sangat bagus dan sangat membantu, berkah selalu dan semoga jadi ladang amal untuk kita semua Aamiin Allahumma Aamiin",positive
"Mudah digunakan, bisa donasi kapan pun dimana pun 👍👍",positive
Alhamdulillah ini bagus sekali Krn ada wadah untuk bersedekah,positive
"Terima kasih... Bismillah yg buat aplikasi di sehatkan selalu, ditinggikan derajat hidup dunia akhirat, dicukupkan rizki berlimpah aamiin",positive
"Alhamdulillah, lebih di permudah untuk bersedekah",positive
Mantap semoga Istiqomah Dalam menebar amal Soleh nya.,positive
"Alhamdulillah, di mudahkan jalannya karna aplikasi ini,",positive
Aplikasi yang amat sangat berguna untuk menyalurkan amal sedekah,positive
Alhamdulillah. Membantu semakin mudah nya beramal sodaqoh,positive
Gimana tidak ada Tanggung jawab tentang saldo top up saya udah wa tidak. Respon 🙏,negative
Bagus program2nya.hny saja kok saya tidak bisa login ya?,negative
"Masya Allah. Sangat di permudah untuk beramal dari rumah. Recommended buat amalan sedekah pagi Keutamaannya , bahwa bersedekah di waktu subuh dikatakan sangat baik. Keutamaan yang didapatkan dengan bersedekah di waktu subuh adalah akan ada dua orang malaikat yang mendoakan kita ketika kita menafkahkan harta untuk yang lebih membutuhkan. Tentu saja bukan hanya harta yang bisa kita sedekahkan. Barakallahu fikum. 🙏",positive
aplikasi yg mempermudah kita untuk sedekah,positive
Gue kasih nilai dulu baru nyoba....tapi kalau diliat dafi tampilan website oke banget,neutral
Kenapa tidak semua donasi saya terekam di aplikasi ya ? Maaf hanya sekadar bertanya,negative
"sangat bagus aplikasinya,,masyaAllah..",positive
"Bagus untuk menebar energi positif atau menebar kebaikan, marilah berlomba lomba dalam kebaikan",positive
"Apk sedekah kereeeeen abizzz !!! Dijamin sedekahmu jadi mudah, berkah dan amanah dilengkapi fitur terbaru yang memudahkan aktivitasmu dalam beribadah keseharian nih @erissusanti39",positive
Saya gak ada aplikasi gopay kak .bisa gak pencairan dana nya ke via bank ..atau ke aplikasi dana kak,neutral
Alhamdulilah dengan adanya amal sholeh ini sedekah sy bisa tersalurkan dengan baik.trimakasih amal sholeh,positive
"Alhamdulillah, semoga langkah kita untuk menuju kebaikan selalu disertai dengan rasa ikhlas dan mendapatkan ridho Allah..Amiinn. @Rindu.arts",positive
aplikasi ini sangat baik buat beramal sholeh,positive
Bagus banget dan sangat bermanfaat.,positive
Masya'alloh aplikasi yg sangat brmanfaat memudahkan untuk kita yg mau berbagi rizki dngan yg membutuhkan Smoga para admin selalu amanah Aamiin,positive
"Assalamualaikum,min..tolong dunk pilihan pembayarannya tambah atu.Pake Akun Dana Misal🙏",negative
sangat membantu dan bermanfaat,positive
Semoga terus bermanfaat bagi seluruh umat muslim di Indonesia dan dunia,positive
Alhamdulillah.ada kebahagiaan tersendiri dengan aplikasi Amalsoleh ini.Berharap bisa jadi ladang pahala.Aamiin,positive
Mohon di tingkatkan lagi respon dari admin mengenai kendala saat melakukan pengisiian saldo,negative
Sangat membantu bagi yg ingin Istiqomah Tilawah sembari Sedekah,positive
"semoga berkah manfaat bagi umat dan bersatu dalam kebaikan menuju kemaslahatan umat,mecetak manusia manusia yang baik maju terus walaw ta seberapa penghasilan sisihkan hanya keberkahan dan rido alloh yg diinginkan setiap muslim",neutral
Bismilahirohman nirohim. Aplikasi bagus..,positive
Alhamdulillah saya senang dengan aplikasi ini. Berkah melimpaahh..amal sholehdotcom.,positive
rekomendasi bgt deh 👍,positive
"Dengan aplikasi ini,....Alhamdulillah, dimudahkan dan diingatkan utk kebaikan. Terima kasih AmalSholeh🙏🙏",positive
"Insaallah aflikasi ini bisa membatu kita semua,or2 sibuk,kalo mau beramal sholeh",positive
menurut saya Kren mempermudah saya untuk berbagi sedekah untuk sesama,positive
Bismiillah....semoga menjadi wadah kita untuk berbagi rezeki kepada sesama yg membutuhkan & jalan kita mengumpulkan Amal Jariyah....Amiinn allah huma amin 😇🤲🤲🤲,positive
Terimakasih aplikasinya sangat bermanfaat,positive
Jika aplikasi ini memang untuk kebaikan insyaallah dan mudah2an akan ada banyak orang yg beramalsholeh.,neutral
"Semoga aplikasi AmalSholeh bisa memberikan banyak manfaat khususnya bagi saudara2 kita baik yang terkena musibah, atau yang sedang membutuhkan bantuan. Beramal dimana saja sama, asalkan dengan hati dan niat yang ikhlas. Terus maju AmalSholeh sebagai perantara kami untuk saudara2 disana. Subhanallah, Walhamdulillah, Wala Ilahaillallah, Wallahu Akbar, Wala Haula Wala Quwwata Illabillah... @indra_irawan22",positive
Alhamdulillah....Aplikasi yg sangat bermanfaat Dunia Akhirat. Semoga Berkah & ALLAH SWT. Ridho....Aamiin,positive
"Alhamdulillah..dipermudah ..sangat bermanfaat sekali,,",positive
Semoga Aplikasi ini bisa menambah pahala bagi kami,neutral
Mempermudah dalam melakukan donasi untuk membantu saudara sesama muslim.,positive
"Allhamdulilah Ada APLIKASI AMALSHOLEH bisa untuk berdonasi walau dikit, yang penting niat Dan iklasnya berdonasi",positive
"Alhamdulillah semakin mudah bersedekah ,,semoga amalsholeh semakin amanah ..aamiin 🤲 @dewindawie",positive
"Mudah.....,up date......,professional.......,menenangkan......,menyenangkan.......👌👌👌👌👌👍👍👍",positive
"semoga setiap amal kebaikan yang kita lakukan melalui program yg ada di app AmalaSholeh ini menjadi tabungan pahala kita dan keluarga kita yg telah tiada, آمين اللهم آمين يا ربل العالمين 🤲 🤲",positive
"Jalan untuk berbuat kebaikan melalui amal Sholeh adalah jalan yang tepat untuk membantu sesama saudara seiman semoga kakak"" kita yang di bekerja di yayasan ini dengan ikhlas dan ridho serta amanah ,Allah SWT selalu berikan kesehatan serta Rizki yang halalal thoyiban ,Aamiin Yaa Robbal Aalamiin 🤲",positive
Sangat membantu untuk mencari pahala,positive
Alhamdulillah... selalu di ingatkan akan shodakoh ....,positive
Saya udah donasi 1000rupiah tapi kok di riwayat donasi gg ada ya.. Jadi kesan nya kayak gg melakukan sedekah. Gimana sih maksud nya,negative
"Alhamdulillah bisa memudahkan untuk beramal Soleh,lanjutkan perjuangannya... Semoga Allah meridhoi kita semua. Amin",positive
Bismillah aplikasi bermanfaat bgt semoga menjadi keberkahan untuk kita semua & di Ridhoi oleh Allah Aamiin,positive
"Masyaallah aplikasi yg memudahkan umat,terpercaya semoga kedepan mskin canggih dan makin sukses.",positive
Mantap jd gampang berdonasi dan beramal Sholeh,positive
Alhamdulillah aplikasi Amalsholeh paling bagus,positive
Alhamdulillah a.alshileh sangat memudahkan untuk bersedekah...,positive
"Aplikasinya belum ada Fitur Galang dana, tolong ditambah fitur Galang Dana agar memudahkan Orang atau Yayasan untuk mengalang dana lewat aplikasi ini",negative
"Alhamdulillah semoga berkah, sangat bermanfaat",positive
Smoga menjadi amal jariyah walau hanya jadi penyambung informasi,positive
Sangat membantu untuk berinfak,positive
aplikasi nya sangat bagus,positive
Ikut amal sholeh biar berbagi manfaat untuk semua,positive
Alhamdulillah semoga bs jd amal jariyah dr setiap org yg ber infaq dan sedekah,positive
"Mempermudah kita untuk melakukan kebaikan beramal soleh ,, semoga amanah dalam setiap kebaikan kita ,, aamiin",positive
"Semoga jadi amal yg di Terima di sisi Allah SWT, dan jadi penerang ketika kita sudah di liang kubur,, aamiin 🤲",positive
Alhamdulillah barokah ada amal soleh dimudahkan untuk beramal Semangat terus Tim Amal soleh Semoga barokah rezki ku bisa bantu terus tim AMAL SOLEH IG. abduljabbar6983,positive
Alhamdulillah bisa bersodaqoh kapan saja,positive
Tidak bisa login,negative
sangat membantu meringankan untuk yang terakhir Ngin sodakoh,positive
Mudah-mudahan apk ini amanah.,positive
"Subhanallah, sangat bermanfaat. Semoga dana yang terkumpul bermanfaat dan berkah dunia akhirat",positive
Kenapa tidak bisa daftar,negative
semoga menjadi aplikasi wasilah yg bermanfaat dan amanah,positive
Alhamdulillah amalsholeh sekarang udah aplikasi memudahkan untuk ummat Semoga makin berjaya ! @m.rizkiarjun.s,positive
"ko gak bisa daftar,,",negative
"Selalu mengingatkan kita untuk bersedekah , masyaallah 😇",positive
Semoga jadi ladang kebaikan,positive
Ya rabb mudahkan lah hamba terus beramal soleh untuk meraih ampunan& ridho mu aamiin,positive
beramal jadi lebih gampang,positive
Alhamdulillah aplikasi bermanfaat dunia akhirat moga berkah dan diridhoi oleh Allah SWT,positive
Sangat bermanfaat dan berguna bagi orang lain amin,positive
Masya allah luar biasa aplikasi ini.. memudahkan bangett untuk sedekah 😇😊🙏🏻,positive
"Bismillah assalamualaikum warahmatullahi wabarakatuh 🙏 Semoga lebih banyak lagi membuat kebaikan, sampai kita mati 🙃.. ""Karena apapun yang kita lakukan, akan selalu ada orang yang berkomentar negatif."" @nopri0998",neutral
Terima kasih sudah menjadi jembatan kebaikan..,positive
Sangat bermanfaat untuk saling menolong,positive
Terimakasih kami bisa menyalurkan sedikit bantuan bagi saudara kami lewat AmalSholeh,positive
Alhamdulillah sudah bisa donasi dengan mudah semga amal ibadah kita di trima aamiin,positive
MasyaAllah Tabarakallah dengan aplikasi ini kita ga pusing lagibsedekah subuh😁🙏,positive
Alhamdulillah dipermudah untuk bersedekah melalui AmalSholeh ini .Berbagilah wlpun mrasa tak punya brapapun pnghasilan hari ini sisakan untk brsedekah krna bukan brapa besar jumlah yg harus diberi namun brapa tulus dan iklas yang akan kita berikan krna satu sedekah adalah jalan kita menuju surga .smoga slalu brmanfaat dan berkah Amin🙏🙏 @indahh_pspitaa,positive
kalo mua buat program donasi gimana?,negative
aplikasi mudah digunakan,positive
Masyaallah aplikasi ini sangat bermanfaat..trimakasih,positive
terimakasih telah memudahkan kami dalam melakukan kebaikan🙏,positive
Barakallah sangat membantu sekali atas rejeki yg kita dapat sebagian ad hak org lain Terima kasih amalsholeh,positive
lebih simple dalam beramal,positive
Semoga aplikasi ini bisa bermanfaat bagi banyak orang @cacaa_ch,positive
Alhamdulillah aplikasi yang ber-amanah.,positive
"Masyaallah tabarakallah Semangaaat untuk terus bersedekah , Walaupun sedikit harta yang kita sedekahkan tapi sangat bermanfaat bagi orang yang membutuhkan, Ig : wapa samrotul janah",positive
Sangat bagus baik dan berguna,positive
Ya Allah lengkap banget menunya menuju akhirat... Syukron yg telah membuat apps ini.. Barakallahu,positive
Sangat bagus sekali untuk membantu sodara2 kita yg saling membutuhkan. Aamiin Ya Allah 🤲🤲,positive
"MashaAllah semoga aplikasi ini membawa kita dalam kebaikan ,semoag ALLAH swt membalas semua kebaikan yang kita berikan #aamiin",positive
Luar biasa membantu mengingatkan untuk shodako,positive
Semoga aplikasi Amal soleh amanah dalam menjalankan titipan ALLAH...,positive
Subhanallah aplikasi ini benar2 membantu🙏😊,positive
Mantap terbaik punya umat,positive
"Masyaallah, semoga semakin menginspirasi.",positive
"Saya uninstall.. Saya sudah sadaqoh, tapi laporan dibilang Blm..",negative
jangan lupa baca sholawat dan salam pada nabi Muhammad shalallahu alaihi wasallam,positive
Alhamdulillah bisa biasakan diri untuk beramal..,positive
Semoga Allah SWT selalu melimpahkan rahmat dan karunia untuk kita semua... Terimakasih amal Soleh telah memfasilitasi saudara 2 kita yg ingin membantu saudara 2 kita dlm berbagai macam hal...🙏,positive
Klo bukan kita sipa lagi Klo bukan sekarang kapan lagi,neutral
"Amal sholeh adalah Rumah infak online trbaik,juga terpercaya,🙏trimakasih,,barakallah",positive
Semoga AmalSholeh makin bisa menjadi lebih baik lagi 😀🙏 @Frizy.Aceh,positive
"Untuk masukan, agar metode pembayarannya ditambah via vitrtual account bank BCA.",negative
Aplikasi yg mendidik dan membimbing ke syurga InsyaAllah👍🏻👍🏻👍🏻,positive
Semoga sukses dan amanah selalu.,positive
Memudahkan qta untuk menyimpan harta dilangit...,positive
"Jadi gampang melakukan amal,infak dll.",positive
Kesempatan utk beramal jadi.lebih luas,positive
Bersedekqh menjadi lebih mudah,positive
Alhamdulillah.. dengan adanya aplikasi ini hp saya bisa manfaat untuk umat. Insya Allah,positive
Semoga kedepannya jadi lebih baik,positive
"bismillah,, semoga dapat ridho nya Allah.",positive
Semoga amanah Aamiin,positive
InsyaAllah berkah,positive
Innovasi yg luar biasa. Semoga team AmalSholeh semakin diberkahi kehidupannya,positive
"Terima kasih Min sdh bikin aplikasi ini, semoga berkah dunia Akhirat & Semoga yang sudah donasi diperlancarkan rezkinya dan dilindungi oleh Allah S. W. T Aamiin 🙏",positive
sangat membantu utk beramal,positive
"Mantap, semoga Allah SWT meridhoi kita semua",positive
Mempermudah yg ingit beramal saleh,positive
"Masya Allah, berkah bermanfaat",positive
Terima kasih untuk aplikasinya,positive
sangat bermanfaat,positive
Alhamdulillah..banyak pilihan untuk beramal sholeh,positive
saling tolong menolong di jalan Allah SWT,positive
insyallah dimudahkan segalanya,positive
Sangat membantu sekali,positive
amal saleh semoga selalu konsisten,positive
Alhamdulillah amalsholeh semakin maju,positive
Bermanfaat sekali bagi kita yang ingin investasi untuk akhirat. Semoga amal ibadah kita diterima Allah. Aamiin Ig : @titinsetyaa,positive
Sangat membantu,positive
Sangat bermanfaat,positive
Sangat membantu,positive
Alhamdullilah apk yg bermanfaat....,positive
"Alhamdulillah wasyukurillah...insya Allah bermanfaat dunia akhirat,.Aamiin...",positive
tingkatkan lagi.,positive
Semoga menjadi ladang amal untuk kita semua.. aamiin,positive
Semoga bisa membatu saya dan keluaga pada waktu di akhirat kelak.. Aamiin,positive
Memudahkan untuk bersedekah,positive
Alhamdulillah semoga berkah,positive
wadah untuk membantu saudara2 muslimku,positive
Semoga uangnya sampai kepada orang yang tepat.,positive
Baru mulai... Semoga bermanfaat ... Aamiin.,positive
insyaallah berkah dan doa dijabah amiiiinn,positive
Sangat membantu saya,positive
"Wow,mantapp..kerenn..",positive
Masya Alloh mantep aplikasinya,positive
ayo nabung utk akhirat,positive
"MashaAllah ❤️❤️, aplikasinya oke",positive
Semoga berkah & sukses dunia akhirat..,positive
Beramal tanpa diketahui yg lain,positive
Sebagai sarana beramal soleh..,positive
Subhanallah Lengkap dzikir pagi Dan petang,positive
Subhanallah sangat membantu,positive
Aplikasi investasi akhirat,positive
"Ngomongin aplikasi,. Haram",negative
Semoga d berikan keberkahan..aamiin🤲,positive
berbagi senyuman☺,positive
insyaAllah bermanfaat,positive
Semoga menjadi amal jariah untuk semua. Aamiin ya rabb,positive
Aamiin...semoga amanah dan istiqomah,positive
Mari kita ber amal utk akhirat....,positive
MasyaAllah tabarakallah bermanfaat sekali❤️,positive
mantul prosesnya,positive
Semoga selalu amanah...,positive
Smoga amanah & berkah,positive
Good semoga berkah,positive
Semoga amanah insyaAllah,positive
bismilah semoga amanah amin,positive
Tambahin pembayaran pake OVO..,negative
Mogaa berkah bang . Maju trus,positive
Untuk membantu,positive
Belajar balas ayah dan ibu ku,positive
Semoga amanah,positive
Semoga menjadi nilai ibadah.Aamiiin.,positive
Semoga berkah,positive
Selamat dunia akhirat,positive
semoga berkah,positive
Semoga bermanfaat,positive
Semoga Allah SWT meridhoi,positive
Sangkat memantu,positive
Alhamdllah berkah,positive
Terbaik!👍🏻,positive
Lengkap Lengkip,positive
saya suka,positive
Wow keren,positive
bagus banget,positive
Keren,positive
Mantap,positive
keren,positive
👍,positive
"baik, mudah",positive
luar biasa,positive
good job,positive
Mntap bngt,positive
Keren,positive
kereen,positive
keren,positive
good,positive
bermanfaat,positive
Alhamdulillah,positive
Bagus,positive
Mantap,positive
Bagus,positive
👍,positive
Aplikasi mantaap,positive
istimewa,positive
ok,positive
Alhamdulillah dimudahkan sedekah subuhnya baarakallahu fiikum,positive
MasyaAllah tabarokallah terbaik,positive
Bagus bgt,positive
Barakallah..,positive
Mantap,positive
Cukup,neutral
Mantapz,positive
Barakallah,positive
Oke,positive
Kadang amal,positive
Mantap,positive
"One of the most user friendly muslim crowd funding app. Small size, many features...",positive
INDAHNYA BERBAGI IG: @MIMAN_ALVIANN,positive
Subhanallah Alhamdulillah Lailahaillallah Allahuakbar Allah Subhanahu Wa Ta'ala & Allahumma sholli 'ala Muhammad SAW @Rustam_hr,positive
Masyaa Alloh. Semoga berkah.,positive
Sangat meginspirasi..,positive
Sangat Baik...,positive
Terimakasih banyak 🙏👍👍🙏👍👍🙏🙏🙏😀😀👍🎉👍🎉👍👍👍,positive
Luar biasaa,positive
Sangat baik,positive
Allahu akbar,positive
Good app,positive
Alhamdulillah.,positive
Masyallah..,positive
mantap....,positive
👍👍👍👍👍👍👍🌟🌟🌟🌟🌟,positive
Mumtaz,positive
Mantap,positive
Bgus,positive
Mantap,positive
Allhamdulillah,positive
Ok,positive
Amanah,positive
Good,positive
Baik,positive
Masya Allah Tabarokalloh..,positive
inshaalloh.. berberkah,positive
Cukup baik..,neutral
Cakep euy 👍👍👍👍👍⭐⭐⭐⭐⭐,positive
Terima kasih,positive
Bismillah😇,positive
Alhamdulillah ..,positive
Mantul,positive
Bismillahirrahmanirrahim,positive
Kerennn 👍👍👍👍,positive
Ok,positive
Bismillahirrahmanirrahim,positive
Barakallah,positive
mantap,positive
❤,positive
Baraqallah ..,positive
Alhamdulillah,positive
oke,positive
Alhamdulillah.,positive
Alhamdulillah,positive
Berkah,positive
Mantull insha Allah Istiqomah Aamiin..,positive
Masya Allah Ta barokallah,positive
Masya Allah Tabarakallah,positive
super app. thanks.,positive
Masyaallah tabarakarrahman💕💕,positive
Bagus,positive
cakep,positive
👍👍👍👍👍👍,positive
Top,positive
keren,positive
Bagud,positive
Bagus,positive
👍👍,positive
❤❤❤❤❤,positive
