content,score
"Tidak bisa ""sedekah rahasia"". 1. Setelah sedekah dikirimi email yang tidak bisa di unsubscribe seperti umumnya email berlangganan. 2. Dikirimi pesan WhatsApp setelah sedekah. Mohon lebih menghargai donatur yang hanya ingin rutin bersedekah tanpa di spam WhatsApp dan Email. Edit: Menanggapi balasan pengembang, saya berargumen. Penting bagi pengguna memiliki opsi notifikasi seperti umumnya aplikasi. Pengaturan tanpa opsi pilihan cara menerima notifikasi sangat menganggu pengguna.",2
Mohon maaf saya ubah ratingnya untuk perbaikan aplikasi. Karena ketika mau melakukan sedekah tidak dapat memuat jaringan terus seperti offline padahal sya buka aplikasi lain lancar. Saya coba uninstal malah saya tidak dapat masuk ke akun saya. Mohon perbaikannya,2
Amal Sholeh kenapa ya? Ini akun ku tiba tiba ke log out sendiri. dan saldo nya tiba tiba 0. Udah aku refresh dan coba log in lagi tapi saldo nya juga belum muncul. Semua program sedekah rutin nya juga hilang. Bisa tolong bantu ini bagaimana ?,2
"Suka banget sama aplikasinya, topupnya mudah, sedekahnya lancar, bisa sedekah rutin waktunya disesuaikan sendiri. Semoga selalu konsisten memberikan yang terbaik, love banget💕",5
"Aplikasinya mudah digunakan, dan banyak fitur kebaikan yang bisa digunakan. Saya lebih sering menggunakan fitur Quran ya, enak dibaca. Kereenn!!",5
Tolong arahannya gimana caranya Saya pengen open donasi untuk meneruskan pembangunan majlis ta'liim yg tersendat karena terkendala oleh biaya? Aplikasinya bagus banget cuma belum faham terutama yg di atas tadi,4
"Aplikasinya bagus, suka dengan berbagai fiturnya. Rekomen untuk yg ingin berbagi dan beramal. tks",5
Kenapa ya kalo isi saldo itu udh d tf tapi masuknya lama . Tolong d perbaiki ya. For all semua oke . Berkah trs ya,4
"Alhamdulillah bisa sedekah subuh secara otomatis , ada doa2 dan dzikir pagi petang juga serta jadwal solat . Sedikit saran mohon jadwal solat nya ditambahi alarm adzan ya..terima kasih",5
"MasyaAllah Alhamdulillah terimakasih sudah menjadi jembatan Amalsholeh dan sudah menjadi aplikasi yg memudahkan kita untuk melalukan kebaikan,sedekah lebih mudah dan bisa sedekah mulai Rp.1000..aplikasi nya juga sangat mudah digunakan....",5
Sangat membantu sekali buat sdr2 kita yg benar2 membutuhkan hingga ke plosok daerah..memudahkan kita sedekaah tanpa hrs terlupakan rutin..team Amal soleh menjembatani kita semua dg Amanah🤝,5
"bismilahirohmanirrohim,allhamdulilah dengan adanya aplikasi ini sangat membantu sekali untuk bisa sedekah setiap harinya walaupun hanya dengan 1000 rupiah,terima kasih🙏",5
Ini knp malah ga bisa bisa nge-load program sama sekali sih? kirain koneksinya.. tak pake download lancar streaming lancar kok buka app ini malah ga bisa nge-load konten sama sekali.. tolong di fixkan lagi.. thx,4
"MasyaAllah ini aplikasi paling terbagus menurut saya,.dilengkapi dengan fitur alquran yg bagus banget dan banyak opsinya, juga ada doa doa yang sesuai sunnah dan lainnya.. Salah satu aplikasi penghantar kita atau penolong kita dalam kebaikan dan untuk akhirat kita nanti. Terimakasih aplikasi amal shaleh semoga maju terus dan menjadi amal jariyah dan pahala yang besar.",5
"Aplikasi sesuai keinginan saya, ada sedekah harian juga ada Alquran, tapi tolong ukuran hurufnya arabnya diperbesar lagi jangan mentok di 30.",5
"Assalamu'alaikum Alhamdulillah AmalSholeh sudah ada aplikasinya sendiri jd tidak susah lagi utk bisa berdonasi, karena sebelumnya harus login lewat browser utk donasi. MasyaAllah Aplikasinya sangat bermanfaat karena bukan cuma untuk berdonasi tp ada bnyk fitur, seperti Al-Quran : terdapat nama surah, juz & ada bookmark yg memudahkan kita saat membaca. Waktu Sholat : ketepatan jam waktunya cukup akurat dengan lokasi kita berada & ada arah kiblat nya pula. Kumpulan Doa dan artikel. @_heru4supri_",5
"saya sudah mengisi saldo ,terkendala masuknya lama ,tau"" dibatalkan sendiri saldo tetep gak masuk ,saya chat lewat WA gak ada balasan ,saya sering terkendala melalui pengisian saldo ,apa nanti bener"" tersalurkan untuk dana dr orang"" yg mau beramal ,terimakasih",3
"Aplikasinya sebenernya bagus, Cuma kenapa saya terkendala ketika akan membayar donasi lewat shopepay selalu terkendala, tidak bisa otomatis kemudian juga sudah coba manual tapi di menu pembayaran donasi tidak ada pilihan lembayaran untuk amal sholeh, mohon solusinya mim, terimakasih 🙏",3
"Admin,sekedar usulan,bagaimana kalo di aplikasi baca Al-Qur'an dibuat menu membuka halaman terakhir baca Al-Qur'annya. Ketika kita sudah memberi tanda terakhir baca. Maka kita nggak repot lagi scrol ke bawah di halaman surahnya. Terima kasih banyak",5
"Sering bingung jika ada iklan di facebook seputar penyaluran untuk beramal. Kadang cuek aja. Karena bingung, gimana caranya agar bisa sedekah tanpa harus ribet. ALHAMADULILLAH Dengan adanya app ini. Sangat membantu sekali. Untuk bisa berdonasi pada saudara muslim kita di seluruh penjuru nusantara. Yang memang membutuhkan bantuan MASHAALLAH",4
"Alhamdulillah. Aplikasinya sangat bermanfaat, dengan desain yang menarik juga ramah. Terima kasih developer dan tim yang sudah menciptakan dan memberdayakan aplikasi ini. Semoga menjadi amal jariyah dan terus menebar kebermanfaatan. Sehat dan sukses selalu, orang baik🙏",5
"MasyaAllah, salah satu aplikasi yang recommended banget buat beramal. Fitur yang disediakan lengkap dan sangat bermanfaat seperti tersedianya Al-Quran, jadwal sholat, artikel islami dan ladang amal (donasi) update, juga disertai doa harian yang InsyaAllah sangat bermanfaat sekali buat penggunanya. Saya merasa bersyukur sebagai salah satu pengguna aplikasi ini. Semoga Allah selalu mempermudah kita meningkatkan amal sholeh yang salah satunya bisa kita terapkan melalui aplikasi ini @nuralfan19",5
"Untuk semua muslim muslimah indonesia saya sangat rekomendasi kan aplikasi dan dukung program yang ada sesuai kemampuan, buat pengembang kembangkan terus aplikasi ini bukan hanya sekedar donasi dan info, tapi juga bisnis syariah, semoga maju terus muslim Indonesia dalam rangka menggapai Surga yang dijanjikan Allah Terimakasih",5
"aplikasi yg sangat positif, sangat bermanfaat, saran saya ada fitur dompet digitalnya, jadi lebih memudahkan lagi bagi kami yg ingin berdonasi, tinggal klik saldo pada masing"" akun begitu... jadi lebih simple...",5
"MasyaAllah semakin dipermudah untuk kita beramal dengan aplikasi ini,mungkin terasa kecil bagi kita tp sungguh sangat bermanfaat bagi mereka yang membutuhkan.. terimakasih karna sudah membuat aplikasi yg sangat bermanfaat ini..semoga kedepan semakin banyak orang yang terbantu....",5
"Alhamdulillah dengan adanya aplikasi amalsholeh tidak perlu ribet amal melalui transfer bank, bisa dengan saldo gopay. Semoga semakin lebih baik dan sangat membantu.. Ig @yulianti.snd",5
"MasyaAllah, bener bener mempermudah banget kalo mau donasi, selain simple terus bisa donasi mulai dari 1.000 ajaa, fiturnya juga kumplit, ada Al Qur'an, waktu shalat, dan Do'a hariannya juga, Barakallahu Fiik🥺🥰 @najmahairo",5
"Alhamdulillah kakak Terimakasih banyak atas pelayanan yg begitu baik & ramah, Alhamdulillah saldo dompet saya di aplikasi Amal Sholeh sudah masuk dan sudah bertambah ternyata perlu waktu proses dan di perlu juga restart hp agar saldo top up kita muncul, sekali lagi Terimakasih kak atas adanya aplikasi ini mempermudah dalam kebaikan, Barakallah kak semoga selalu dalam lindungan Allah, dan sukses dan makin terus berkembang buat Amal Sholeh terus sebarkan kebaikan ❤️❤️",5
"Assalamualaikum warahmatullahi wabarakaatuh, Alhamdulillah dengan adanya ini bisa bersedekah sesuai kemampuan setiap hari,kmaren2 bisa tapi knp ya tadi mo berdonasi kok ga bisa pas mo bayar ada tulisan ""aplikasi tidak terinstal"" padahal kmaren2 ga muncul tulisan itu.mohon caranya gmn ya agar bisa berdonasi lewat aplikasi ini.jazakumullah Khoiron 🙏",5
"Saya suka banget sama app nya. Mudah digunain, tapi sekedar saran, semoga ke depannya ada fitur untuk save atau bookmark sedekah nya. Jadi kalau mau sedekah lagi, kita tinggal liat apa aja yang udah dibookmark. Terima kasih. Tetap semangat min",4
Aplikasi yg bener2 tujuannya mendidik akhlak.moral dan iman kita. kenapa karena dari beramal.jadwal solat.surah2 artikel.doa2.arah kiblat. smua ada di 1 aplikasi ini smga banyak org brubah lebih baik dengan aplikasi ini. karena duniawi bukan tempat akhir kita.,5
"Assalamualaikum, saya mau tanya. Di aplikasi amal sholeh ini banyak program donasi. Dan didalam aplikasi amal sholeh ini ada tiap yayasan/ lembaga yang berbeda beda yang menanganinya. Apakah kita berdonasi di amal sholeh apakah teesampaikan di yayasan atau lembaga tersebut yang menanganinya ? Dan kalau ya apalikasi ininsangat bagus untuk yang ingin menyisihkan hartanya.",5
smoga bermanfaat bagi para santri...aamiin 🤲 & saya harap aplikasi ini sungguhan bukan penipuan,5
"Assalamualaikum wr.wb, Alhamdulillah saya merasa bahagia bisa membantu sedikit kepada yg membutuhkan, Dari lubuk hati saya, saya berterima kasih dengan aplikasi ini telah memberi saya harapan baru untuk membantu sesama dan mendapatakan pahala yang berlimpah, mudah2an apa yang kita semua lakukan selalu diberi jalan terbaik. Ig : @satriadarma99",5
"Alhamdulillah jadi lebih mudah dengan aplikasi ini untuk berbagi sesama, aplikasi juga lengkap, semoga bisa terus update jadi lebih baik, sukses selalu 😊 @shellasahara",5
"Aplikasi yang sangat bagus, dpt memfasilitasi niat baik untuk beramal sholeh, mudah²an amanah dan tetap istiqomah saling membantu didalam kebaikan",5
"Sebuah program yg bagus sekali, dimana infaq, sodaqoh kita cepat dan tepat sasaran tersalurkan.... Smoga tetap selalu menjadi jembatan kebaikan buat umat",5
Mantapks. Aplikasinya user friendly dan mudah utk berdonasi dengan banyak pilihan cara pembayaran.,5
sangat mempermudah untuk bersedekah,5
"Alhamdulillah, bagi saya pribadi aplikasi ini sangat berguna. Dan bagi teman2 yg suka bersedekah aplikasi ini sangat mendukung apalagi di dalamnya terdapat Al-Qur'an serta terjemahan dan banyak doa-doa harian. Ig_ivynsan",5
Assalamualaikum Wr.Wb... Dengan adanya App AmalSholeh ini segala kebaikan dan manfaat untuk berbagi dari segala urusan kita tambah semakin mudah dan terarah tinggal melihat berbagai macam sodara2 kita yang memerlukan tangan kebaikan dari kita semua. Sangat2 terbantu dan App ini sangat bermanfaat insyaalloh dan selalu diberi perlindungan-Nya untuk crew AmalSholeh ini... Aamiin Salam @santramprd,5
"Alhamdulillah, sangat mudah digunakan",5
"Bagus, sangat membantu, saya suka... Semoga amanah. Sukses buat yg membuatnya semoga makin berkembang sehingga makin banyak lagi yg membantu untuk sesam.",5
Aplikasi ini yang saya tunggu jadi tidak bingung lagi jika ingin membagikan sebagian harta kita untuk yg lebih membutuhkan. Semoga Setiap amal Sholeh akan lebih bermanfaat untuk yg membutuhkan Aamiin ya Robbal 'alamiin,5
"MaasyaAllah ,,,aplikasi ini sangat bagus dan sangat memeper mudah untuk beramal dan mencari doa² dan masih bnyak yg lainnya .. @gresianabungafaridiani",5
"Alhamdulillah saya bersyukur karena mengenal app amal sholeh, dari sini kita bisa bersedakah kapan pun dan walaupun dengan jarak yang jauh, semoga amal sholeh selalu amanah dan menjadi jembatan terbaik untuk orang-orang baik yang ingin beramal jariah 😇😍 @rismahasanah17",5
"Saldo dompet ada isinya, tapi ko mau donasi mau ambil dari saldo dompet ko jadi 0 rupiah..? Balik buka beranda lagi masih ada nominalnya! Untuk aplikasi bagus, saya suka.. semoga jadi berkah untuk semua nya.. Terimakasih..",4
"Alhamdulillah, tidak ada alasan.., untuk kita dalam berlomba lomba dalam kebaikan., aplikasi yang sangat mudah untuk di gunakan..",5
"Masya Allah, Alhamdulillah baru tahu ada aplikasi keren seperti ini. Plus ada waktu shalat, artikel, dan Al-Qur'an. Lengkap, terus tingkatkan kualitas nya admin 🙏🏼 dengan menambahkan akun² penggalang dana yang bisa menambah kepercayaan, seperti rumah zakat, rumah yatim, dlsb. Btw apa tidak buka dompet amalsholeh sendiri min? Biar untuk deposit?",5
"Alhamdulillah ya allah. Aplikasi ini sangat bagus sekali. Meskipun dari rumah bisa dengan mudah beramal saleh. Dimanapun, kapanpun. Masya Allah...",5
Aplikasinya sekarang semakin bagus dan fiturnya juga semakin lengkap. Saya punya usul untuk tim AmalSholeh supaya pilihan pembayaran instan yang ada di dalam aplikasi AmalSholeh maupun website ini bisa juga menggunakan LinkAja selain Gopay dan ShopeePay yang sudah ada saat ini. Semoga usulan saya ini bisa dipertimbangkan untuk kemajuan program AmalSholeh kedepannya. Syukron wajazakumullahu khairan katsira.,4
"Alhmdulillah aplikasi sngat bgus, mudah untuk bersedekah. membaca al qur an, jdwal sholat, dan ada doa2 lengkap 👍👍",5
"aplikasi sangat membantu, lebih mudah berdonasi, bisa baca qur'an juga , sehingga bermain handphone pun tetap mencari ridha allah .. aplikasi yang good @bayu_ag01",5
Alhamdulillah aplikasi ini amanah dan terpercaya..rekomendasi buat orang orang baik yang ingin bersedekah dan membantu orang banyak yang butuh uluran tangan kita. Jangan pernah lelah untuk berbagi. Salam hormat saya @ridonandaa,5
"Halo admin minta tolong balas chat saya sudah saya email dan chat WhatsApp tapi tidak dibaca, saya disini butuh kepastian dan penyelesaian masalah yang saya hadapi, saya sangat menaruh banyak harapan dari aplikasi ini, saya sudah menggunakan ini dan sangat nyaman sekali, mohon pengertiannya. saya akan menaikkan bintang dan banyak mengshare jika benar-benar admin bisa membantu saya 🙏🏻 terimakasih",4
Alhamdulillah bisa beramal dengan mudah dan kapan saja .. membantu bangett untuk ngumpulin tabungan d akhirat 😇 Instagram @mayraa8220,5
"Maa syaa Allah, aku baru download aplikasinya. Dan baru liat isi2 program yg ada di aplikasi Amal Sholeh ini, memudahkan aku khususnya kita semua untuk memulai kebaikan setiap hari🥺 gampang banget kalo mau donasi juga bisa dengan cara apapun. Semoga aplikasi ini menjadi salah satu cara kita bisa mendapatkan kebaikan serta pahala jariyah. Sukses & berkah terus tim Amal Sholeh semoga Allah mudahkan urusan semuanya karena menjadi jalan bagi kami utk membantu sesama🥰 Semangat!! @dheacintyaislami",5
"Aplikasinya sangat bagus , semoga selalu mengingatkan dalam kebaikan sesama . Instagram @rimarewulandari",5
Aplikasi yang sangat bagus dan bermanfaat. Mempermudah dalam melakukan sedekah. Semoga semakin sukses 🙂. @lolaangela95,5
lebih ditingkatkan lagi dong kualitasnya. kalo transfer nggak cepet langsung masuk kudu nunggu lama,3
Aplikasi yg bagus memudahkan donasi ke sesama. Dpt info terupdate secara berkala. @fitria_muslimah_store,5
"membantu dalam berinfaq, bersedekah, dan berwakaf",5
"Alhamdulillah skrg sdh ada aplikasinya,,jadi bisa liat kegiatan2 santri penghafal Al-Qur'an,senang sekali bisa menjadi keluarga di Komunitas ini,adminnya cepat tanggap,selalu memberi informasi tentang kegiatan2 yg ada di komunitas ini,yg selalu bikin saya nangis dan terharu,suka ngingetin dalam kebaikan,semoga kita bisa terus menebar kebaikan di mana pun berada,Aamiin ya robbal Alamin, ""Jangan bosan jadi orang baik"" IG :rahulhidayah2906",5
"Aplikasi ini memudahkan untuk berdonasi,beramal,dan mengetahui program2 amal soleh..semoga bisa tetap beramal melalui program ini..Aamiin YRA",5
"Alhamdulillah, sangat membantu dan memudahkan niat baik kita semua yang ingin terus berbagi, baarakallaahu fiikum @umma_aca",5
"Aplikasi amal sholeh ini adalah jembatan menuju surga Nya Allah.....ladang amal jariyah buat semua nya terkhusus buat saya, bpk-ibu dan keluarga saya pribadi....goodluck N goodjob @yyn.rianto",5
"Sangat bermanfaat, dan mempermudah untuk bersedekah secara cepat dan tepat.@dedi_pj.s.h",5
"Masyallah dengan adanya aplikasi ini kita dimudahkan untuk beserdekah, pembayaran yang mudah dan transparan, semoga dengan bersedekah pahala kita dilipat gandakan dan masuk surga amin @sutawjaya",5
Aplikasi yg bermanfaat sangat mudah untuk berdonasi kapan pun dan dengan jumlah berapapun,5
Assalamualaikum wr wb....alhamdulillah dengan adanya aplikasi ini..kita bisa ttp bersedekah meskipun jmlh nya g banyak..slain itu ada jadwal sholat..arah kiblat dan doa2 harian yg bisa bimbing kita stiap harinya..semoga berkah yaa,5
"Alhmdllh semoga makin banyak yg tergabung aplikasi sangat baik,mempermudah untuk beramal soleh bekal dimana hari pembangkitan tidak bersama siapa² kecuali amal soleh.",5
Aplikasi Bagus..yang menjembatani utk beramal soleh. Tabungan Akhirat yang sangat berfaedah. Semoga berkah dan bermanfaat 👍👍,5
"Bismillah.. MasyaAllah, ini aplikasi amal sholeh bagus, sekarang engga ada alasan untuk kita terus berkontribusi dalam kebaikan. Dimananpun, kapanpun. Karena dengan apl ini, sangat memudahkan kita semua yang ingin membantu sesama umat muslim.. MasyaAllah tabarakaallah. Sukses dan terus tebar kebaikan dan senyuman (sharesmile) Ig akun @hilmanew",5
"Kenapa ngak bisa login lewat akun fb yahh?? Padahal kalau gak salah waktu daftar beberapa bulan yang lalu, daftar lewat fb 😟😟",2
Aplikasinya Bermanfaat sekali dan Simpel sekali untuk Berdonasi. Mudah-mudah Alloh Memberi kita Keberkahan dan Keridhoannya. Aamiin.. IG : @k4m4lzz,5
"Dengan aplikasi amal sholeh memudahkan donatur untuk berdonasi.Mudah2an kedepannya bisa ditambah platfrom e wallet (dana,ovo,linkaja dll)untuk pembayaran donasi.terima kasih",5
"Aplikasinya tolong di perbaiki agar bisa fast respon dan memudahkan , terimakasih",1
"Alhamdulillah untuk aplikasi sangat membantu, pilihan untuk donasi lebih banyak dan user friendly.",5
Sangat bermanfaat sekali buat saya pribadi dan program2nya sangat bisa dipercaya. Report dan kegiatan selalu transfaran. Semoga kita sellu dalam ridho allah. Aamiin yra. Ig.Bayoeferguson34,5
"Saya suka dengan apk nya,,semoga kedepannya ada fitur alarm adzan pada waktu sholat..",5
Subhanallah... aplikasi luar biasa . Semoga kita bisa terus menebar manfaat keseluruh penjuru dunia @tutimardiati098,5
"Semoga aplikasi nya memudahkan semua pengguna agar bisa berdonasi secara gampang, apa yg di berikan kebaikan semoga menjadi berkah..",5
"Alhamdulillah, terimakasih untuk tim amal soleh. Dengan hadirnya aplikasi ini inshaallah bisa mempermudah setiap orang untuk peduli dan berbagi terhadap sesama. Barakallahu...",5
"Dengan adanya apk ini,gaji sya bisa saya sisihkan buat sedekah/waqaf buat saudara seiman/sebangsa saya yg membutuhkan..tingkatkan trus apkNya agar smakin manfaatnya smakin besar buat umat..AMIIIN",5
"Cuma mau tanya kenapa ga bisa donasi lewat app, setiap mau donasi pasti gagal coba lagi nanti? Tolong di perbaiki",5
"Keren! App belanja online? senangnya sendirian! app amalsholeh? Senang dan tenangnya barengan. sedekah sama2 dr rumah, sehat2 tim #jembatankebaikan tetap istiqomah. @ankedaahh_",5
bagus bgt nih aplikasi...semua nya berisi mengajak kebaikan dan bermanfaat..ada waktu sholat dll..,5
"Aplikasinya bagus bnget... Sangat bermanfaat bagi orang banyak,karena didunia ini sebaik baiknya manusia,adalah manusia yg bermanfaat bagi orang lain. Dan aplikasi ini telah melakukan itu. Thanks AmalSholeh... @monali.sa",5
masya allah sangat mempermudah kita dalam membantu sesama. caranya mudah dan dapat di pahami😇,5
"App sedekah terbaik. Lengkap ada doa doa, jadwal sholat, artikel, semoga aplikasi ini semakin bermanfaat",5
Payah mau daftar susah banget ga bisa2 kalah fitur banget dibanding kayak kitabisa,3
"Aplikasi nya bagus, sangat membantu untuk mudah berdonasi",5
"Alhamdulillah puji syukur senantiasa kita panjatkan kepada ALLAH SWT, dengan aplikasi ini kita dimudahkan untuk beramal soleh (infak/sodakoh/jariyah) semoga apa yang kita infakan bisa bermanfaat untuk yang membutuhkan",5
"Bagus,bermanfaat.ada yg selalu mengingatkan buat berbagi.cm bbrp hri ini kl klik donasi.gak bs ya.apa jaringan atau apa",5
Kenapa gak bisa log in ya? Udh coba di uninstall terus install ulang tetep aja gak bisa,3
Alhamdulillah dengan adanya aplikasi ini kita bisa mempermudah untuk beramal dalam kebaikan akun instagram @abytata81,5
"Alahmdullialh dengan adanya aplikasi ini , memudahkan untuk beramal ✨✨ mamantulan Indonesia ~",5
Kenapa saldo saya yg saya transfer dari shopee pay tanggal 12 Februari belum masuk2 padahal ada riwayat masuk saldo? Tolong ditanggapi,1
Alhamdulillah semakin mudah untuk beramal. aplikasi juga mudah digunakan,5
"Masya Allah, Alhamdulillah Aplikasinya Bagus sekali untuk Ummat, Semoga dengan Aplikasi Amal Sholeh ini Banyak Ummat yang dapat Berinfaq dan Sedekah, Serta Nantinya Aplikasi ini dapat Berkembang lagi kedepannya. Aamiin Ya Rabbal'alamiin",5
"Aplikasi amal Sholeh bagus banget, donasi hanya 10000 saja kita di do'akan nya sampai ke kedua orang tua, subhanallah",5
Dengan adanya apk ini kita semua jadi bisa beramal biarpun sedikit yg penting ikhlas mudah2an amal kita semua di trima alloh swt amiin ...,5
Bisa d tambahin e-wallet dana soal nya saya gk punya gopay atau shopeepay,4
keren luar biasa,5
Alhamdulillah ada aplikasi seperti ini. Sehingga kita lebih mudah untuk bisa beramal. Semoga saudara2 kita semakin banyak yg tergerak hatinya untuk beramal. Dan hasilnya kita bisa membanti saudara2 kita yg membutuhkan. Aamiin,5
Aplikasi sangat bagus untuk kegiatan beramal dan bersedeqah.,5
"Alhamdulillah sangat membantu ,semoga manjadi jalan terwujudnya tujuan kami membangun asrama santri yang lebih layak, dan para donatur semakin berkah umur & hartanya , amiiin",5
Masya allah ini apk nya sangat membantu sekali sekarang puasa ramadon jd gk males lg soalnya udah ada apk ini js cepet dongload apk ini pasti gk bakal nyeseldeh dapet pahala dan dapet uang wasalamualaikun wr wb,5
Loading nya lambat lama sinyal bagus padahal..,4
"Alhamdulillah, dgn adanya aplikasi ini lbh mudah untuk beramal, semogah makin bnyak yg bergabung & semoga yg bergabung dipermudah melakukan sagala hal...aamiin😇😇🙏",5
Aplikasi sangat bermanfaat dan memudahkan untuk beramal ... ig@indrianisesa,5
"Aplikasi yg bagus,, semoga amanah dalam penyaluran donasi nya dan semoga bermanfaat bagi penerima,, aamiin",5
Insyaallah app baik & sll amanah,5
Assalamu'alaikum... Masya Alloh aplikasinya keren bgt..semoga aplikasinya tambah keren terus ya,5
posting kebaikan yg sudah tersalurkan agar tranparan dan terpercaya,5
"insha Alloh amalnya dan doanya terhijabah,, aamiin",5
Alhamdulillah. Dengan app ini bisa mempermudah utk berbuat kebaikan dan bisa membantu orang yg membutuhkan.,5
Aplikasi sangat bagus...bisa membantu kita beramal online...terima kasih,5
"Bantu saya masuk, udh masuk menggunakan email gk bisa fb gk bisa dftar juga gk bisa kendala di pasword",5
"Aplikasi yg sangat bermanfaat, yg secara ga langsung mengingatkan saya bahwa dalam harta yg saya punya ada hak mereka yg membutuhkan. Semoga bisa Istiqomah dalam bersedekah. Aamiin @mellysa_savitri",5
"Sangat bermanfaat dan memudahkan bersedekah lebih cepat, praktis dan aman. Smoga Allah membalas kebaikkan para pengurus amal soleh. 😊",5
"MasyaAllah aplikasi ini betul2 memudahkan aku buat infaq setiap saat Makin scroll kebawah makin banyak program menarik untuk kita beramal sholeh 🤗 Semoga semakin berkah, makin banyak menebar manfaat dan makin banyak donaturnya aamiin ❤️ Instagram: @Lsayuuu",5
"Semoga dengan adanya aplikasi amal sholeh ini bisa mempermudah kita untuk melakukan amal kebaikan, semoga bisa membawa berkah aplikasi ini @sekawaito.",5
Kok tidak bisa Log in ke Akun saya Ya ?,5
"Insha Allah berkah dgn adanya aplikasi ini. Kita bisa donasi setiap saat, di manapun dan kapanpun.. aminnn",5
Agar ada tanda bahwa sudah beberapa hari dan kali sudah bedonasi (bertanggal) setiap setelah bedonasi,5
semoga bermanfaat untuk banyak orang,5
Dengan aplikasi ini mempermudah saya untuk beramal & membantu utk ibadah tepat wkt @hesti_usmiyati,5
"Dulu saya bingung bagaimana menyalurkan sedekah saat subuh, dan memastikan sedekah saya disalurkan ke yang benar2 berhak membutuhkan...namun sekarang aplikasi amal sholeh mempermudah semuanya, sedekah bisa kapan saja dan dimana saja..dan insyaAllah jelas disalurkan kemana aja. Semoga menjadi amal jariyah bagi kita semua aamiin @_6ristio_",5
Aplikasi nya mudah semoga terus amanah,5
"Bismillah,, aplikasinya bagus, top-up saldo dompetnya mudah, banyak pilihannya.. transparansi dalam laporan penyerahan/ penggunaan donasi, mudah dan menarik untuk dibaca, mudah dan terjaga ke-istiqomah bersedekah dengan menu ""Sedekah rutin"". Semoga kita semua menjadi hamba2 Allah yang pandai/ rajin bersedekah, terjaga amalan dan imannya, memperoleh berkah hidup, bahagia dunia akhirat, mampu menjadi manusia yang bermanfaat dan senang berbuat kebaikan. Aamiin Allahuma Aamiin🤲🏻🙏🏻",5
"Ini jawaban yg selama ini aku cari"". Aku suka sangat membantu, semoga kita semua bisa bersedekah berjama'ah..Aamiin",5
"sedekah atau amal kit ngak akan menjadikan kita miskin, semoga amanah selalu amal Sholeh aamiin aamiin ya rabbal Al-Amin 🤲🤲🤲🙏🙏🙏",5
alhamdulillah aplikasi yg memudahkan untuk bisa beramal semoga berkah,5
"Tolong untuk E wallet ditambahkan pembayaran OVO ya kak, biar lebih mudah",5
"Semoga kita semua makin rajin sedekah dengan adanya aplikasi ini, semua dibuat dengan simpel. Alhamdulillah🤲😇",5
Alhamdulillah..tenang hatiku..SDH bisa berbagi..dan gampang banget.. tinggal transfer langsung nyampe,5
"Assalamu'alaikum... Masukan mungkin untuk minimal donasi bisa disesuaikan minimal 2,000- Memudahkan dan memperluas potensi donasi rutin Terima kasih",5
halo kok emailnya nggak bisa saya udah chat admin tapi nggak dibaca tolong dibaca y,1
"MashaaAllah... Aplikasi yg sangat bagus mengingatkan kita untuk terus beramal Sholeh dan peduli terhadap saudara saudara kita, semoga yg mengadakan program amal Sholeh diberikan keberkahan oleh Allah SWT Barakallahu fiikum buat amal sholeh🤲🙏🙏👍 @mwhsalsabila",5
"Terimakasih, sudah menjadi jembatan kebaikan untuk semua.",5
"Aplikasi yang baik untuk melakukan kebaikan, semoga sukses selalu buat amal Sholeh Akun Instagram ra.yan1826",4
bagus aplikasinya. Alhamdulillah mempermudah untuk bersedekah,5
"Tolong untuk artikel di tulis siapa penulis nya agar dapat dipertanggung jawab kan😁🙏, semoga bermanfaat . Terima kasih😁",5
Sangat membantu untuk Mempermudah besedekah,5
Alhamdulillah apk yg sangat bermanfaat....cmnsekarang lagi gangguan kayanya,5
Aplikasinya bagus ringkas mudah dipahami,5
aplikasi nya bermanfaat sekali 😍 masyaa allah semoga makin bisa menebar kebaikan . @holla.hijabers,5
"Dr app ini ada yg Rp . 1000 . Jd bisa latihan istiqomah sehari Rp 1000 , nabung di app ini untuk di keabadian kelak ... Insya allah saya akan coba mengkampanyekan App ini . Mohon doanya min .",5
"Asalamualaikum min, cara lembaga gk chat kita terus gimana ya min, dan tolong dong tambahain vitur ganti no, email, nama :(",5
Alhamdulillah dengan adanya aplikasi ini jadi kita bisa rajin bersodakoh...aamiin,5
Alhamdulillah beramal sholeh sekarang lebih gampang berkat aplikasi amalsholeh. Gk usah repot2 lagi karan sangat membantu niat baik kita. Semoga senantiasa selalu amanah. @lya_liunq (akun IG),5
"Aplikasi berkahbdan terpercaya, menjembatanni dan mempermudah untuk beramal sholeh di masa modern ini, semoga semakin maju, diberkahkan dan dirihoi Allah swt, barakallahu fiikum aammiin 💚 @m.fah.mi",5
"Bismillah, semoga dengan aplikasi yang mudah ini, kita semua diberikan kesehatan dan rezeki yang barokah untuk jembatan membelanjakan harta kita di jalan Allah. Insha Allah. Aamiin",5
"Alhamdulillah masih ada rezeki buat beramal, semoga Allah selalu mudahkan rezeki saya yang banyak&berkah...Aamiin Akun instagram : ilhammaulana9154",5
"Alhamdulillah semoga adanya aplikasi ini bisa bermanfaat terutama bagi yang gemar bersedekah, amin",5
"Alhamdulillah , adanya aplikasi ini membuat saya semakin mudah untuk bersedekah . Terimakasih amalsholeh , semoga banyak milyaran umat Islam yang menebar kebaikan dan bersedekah . @_farhatunnisa",5
"Selamat PT. Fattah Tekno Digital! Perusahaan ini akan menjadi mitra Allah hingga Jannah, karna memberi wadah beramal jahiriyah utk semua kalangan umat muslim, baik miskin ataupun kaya di seluruh dunia tetap akan mampu berinvestasi akhirat karna kemudahan dalam beramal yg disediakan pada platform aplikasi ini. Terimakasih, Insyallah pahala tanpa putus utk perusahaan pencipta aplikasi brilian ini 👍🏻🙏🏻 @elvina_yollanda",5
"Alhamdulillah, bermanfaat sekali,jadi bisa dg mudah beramal di rumah di masa pandemi ini",4
"Assalamualaikum warahmatullahi wabaratuh... Mohon kepada admin, tolong ditambahkan menu untuk pengingat perminggu dan perbulan supaya kami bisa berdonasi secara rutin tiap minggu/bulan..terimakasih .. Wassalamualaikum...",5
Bismillah Alhamdulilah aplikasi ini sangat bermanfaat bagi umat yuk bersama-sama saling berbagi untuk sesama yg membutuhkan semoga ini menjadi Amal jariyah Aaamiin,5
Tolong di tambahkan notifikasi/vitur untuk kita tahu dana yang telah tersalurkan,5
Top Up melalui Muamalat lamaaaa konfirmasinya Jadi kecewa dan kyknya udah gamau donasi disini. Tp klo buat belajar baca qur'an subhanallah lengkap bgt,5
Sangat bersyukur dan bisa membantu org lain lewat app ini..💪💪🙏,5
mohon maaf tak hapus..kiriman dari jokowi nya gak masuk2 meski udah di update datanya.👍,5
"Maasyaa Allah Tabarakallah, Aplikasi yang sangat keren untuk beramal sholeh....Semoga bermanfaat untuk umat....nickname Instagram @egineermaulana",5
"Assalamualaikum Semoga amal sholeh menjadi app yang banyak bermanfaat kenapa saudara kita yang membutuhkan bantuan, Baik dalam bantuan bencana alam, seperti banjir, lonsor, dan juga benmanfaat sebagai penyaluran dana kenapa saudara kita yang mbutuhkan 😊😇 IG_ dumai_vlogtv",5
"Buat developer saya mau kasih saran, tolong tambahkan pembayaran lewat DANA untuk melakukan donasi",5
@Nigha1506 Aplikasi yg sangat bermanfaat..sangat membantu kita utk bisa bersedekah peduli sesama..terimakasih,5
Kerenn sangat mempermudah dalam berdonasi,5
"Bagusnya diperbanyak pilihan pembayaran nya, Saran saya tambahkan fitur pembayaran dengan dompet digital seperti Dana dan OVO",5
"Bismillaah, Maa Syaa Allaah semakin difasilitasi dan semakin mudah untuk kita semua melakukan kebaikan dimanapun dan kapanpun terutama untuk keluarga seiman kita sesama muslim, semoga aplikasi ini semakin bagus dan bermanfaat serta lebih banyak orang tau kalau ingin berbuat baik itu ga ribet sama sekali.. Semoga terus amanah dalam berkontribusi penebar senyum umat.. Barakallaahu fiikum🙏 Ig : nidaoktv",5
"Tabarakallah.. Semoga jadi ladang amal sholeh untuk pengelola maupun pengguna.. Program-programnya maasyaa Allah bagus banget, jelas luas manfaatnya.. Barakallah🤍",5
alhamdllah dg adanya aplikasi ini jdi makin mudah buat sedekah..semoga terus dberi kelancaran😀😀,5
Alhamdulillah dengan adanya aplikasi ini selalu di ingatkan untuk sodaqoh @haeriyahdede,5
Alkamdulilah Sekarang sudah ada aplikasinya Lebih gampang untuk beramal,5
"Sangat bermanfaat dan mempermudah kita untuk melakukan kegiatan amal sholeh, semoga amanah dalam melakukan kegiatan Amal Sholeh ini, Aamiin",5
Alhamdulillah. sekarang mudah ber amal dengan aplikasi ini.mantap,5
MasyaAllah aplikasi yg sangat bermanfaat dan mempermudah kita untuk bersedekah.,5
Berinfaq menjadi lebih mudah dan Insya Alloh sampai kepada umat muslim yang benar benar membutuhkan. @makmoernoer,5
Semoga lewat aplikasi ini bisa menjadi pribadi lebih baik lagi🤲. Dan semoga diberi kelancaran dalam menunaikan kebaikan. Aminn😇,5
"Alhamdulillah,, melalui aplikasi ini kita bisa mengulurkan tangan untuk membantu sodara2 kita yg sangat membutuhkan 🙏",5
ALHAMDULILLAH... jalan menuju kebaikan.... hadir dengan mudah bersama aplikasi Amalsholeh ini...,5
"Alhamdulillah dgn aplikasi ini mempermudah untuk infaq, zakat dan wakaf sehingga tidak ada alasan untuk tidak/malas bersedekah",5
"mau daftar/login ""mohon menunggu""nya lama bener sih",4
"Aplikasi bermanfaat sekaliii.. Ga percaya, cobain :)",5
Benar benar memudahkan untuk bersedekah kapanpun dimanapun .. Terimakasih amalsholeh telah menjadi jembatan kebaikan untuk banyak orang,5
"Sangat bermanfaat, semoga dg adanya aplikasi ini memudahkan utk infaq/sedekah, dan bermanfaat bagi banyak orang Aminnn",5
Aplikasi yang sangat membantu untuk yang ingin sedekah infaq maupun zakat tanpa harus keluar rumah 👍👍👍,5
alhamdulillah sarana beramal sholeh yang InsyaAllah Amanah,5
"Assalamu'alaikum, Admin Saldo yang Telah di Salurkan Sama Yang Telah Berdonasi kalau Bisa di hapus Saja Tiap Bulanya Dari Aplikasi...",5
Subhanalloh. Alhamdulillah ada aplikasi ini. Semoga semua mendapatkan keberkahan dari Alloh SWT.,5
"MasyaAllah Tabarakallah.. Alhamdulillah ada aplikasi yg memudahkan untuk kita beramal. Semoga semua amal kita diterima Allah swt, dan tersalurkan dgn baik oleh team amalsholeh. Terima kasih, jazakumullah khairan, semoga Allah membalas kebaikan team amalsholeh dan kebaikan kita semua.. Aamiin ya Robbal'alamiin. @tika_kawaii",5
Knapa aplikasi amal sholeh nya di instal tapi kok loding meluluh.,5
"Bismillah, Masyallah alhamdulillah ada aplikasi yg amanah yg bisa bantu kita dan memudahkan kita untuk sedekah. Jujur aku baru percaya klo ada aplikasi sedekah online yg amanah. Semoga diberi kelancaran rezeki, amanah selalu dan dimudahkan diakhirat nanti bagi kita semua. Aamiin. Tabarokallah yaa Ig : minigold_ki.id",5
"Semoga team ""AS"" mendapat lindungan dari Alloh . Bermanfaat sekali apps ya 👍",5
aplikasi ini sangat memudahkan kita yang ingin bersedakah masyaAllah,5
sangat bagus dan sangat membantu kita sebagai umat,5
"Saran tolong tambahkan tombol, ""sudah transfer"" ketika kita sudah transfer dana. Terimakasih",5
Semoga saya juga bisa ikut galang dana,5
Program di aplikasi ini sangat membantu saya dan keluarga saya dalam bersedekah. Semoga makin banyak program sedekah yang dapat mendekatkan diri kepada Allah SWT. Amiin 🙏🙏,5
"Suka, memudahkan untuk saling berbagi kebaikan",5
"Alhamdulillah, banyak informasi tempat menyalurkan sedekah utk saudara2 kita yg membutuhkan uluran tangan kita.",4
Aplikasi yang bisa menjadi jembatan untuk beramal Sholeh dan berbagi kebahagiaan..semoga Allah memberikan Rahmat dan memberikan berkah untuk perjuangan kita semua... Aamiin,5
"Maa syaa Allah aplikasi sangat bagus dan sangat membantu, berkah selalu dan semoga jadi ladang amal untuk kita semua Aamiin Allahumma Aamiin",5
"Mudah digunakan, bisa donasi kapan pun dimana pun 👍👍",5
Alhamdulillah ini bagus sekali Krn ada wadah untuk bersedekah,5
"Terima kasih... Bismillah yg buat aplikasi di sehatkan selalu, ditinggikan derajat hidup dunia akhirat, dicukupkan rizki berlimpah aamiin",5
"Alhamdulillah, lebih di permudah untuk bersedekah",5
Mantap semoga Istiqomah Dalam menebar amal Soleh nya.,5
"Alhamdulillah, di mudahkan jalannya karna aplikasi ini,",5
Aplikasi yang amat sangat berguna untuk menyalurkan amal sedekah,5
Alhamdulillah. Membantu semakin mudah nya beramal sodaqoh,5
Gimana tidak ada Tanggung jawab tentang saldo top up saya udah wa tidak. Respon 🙏,1
Bagus program2nya.hny saja kok saya tidak bisa login ya?,3
"Masya Allah. Sangat di permudah untuk beramal dari rumah. Recommended buat amalan sedekah pagi Keutamaannya , bahwa bersedekah di waktu subuh dikatakan sangat baik. Keutamaan yang didapatkan dengan bersedekah di waktu subuh adalah akan ada dua orang malaikat yang mendoakan kita ketika kita menafkahkan harta untuk yang lebih membutuhkan. Tentu saja bukan hanya harta yang bisa kita sedekahkan. Barakallahu fikum. 🙏",5
aplikasi yg mempermudah kita untuk sedekah,5
Gue kasih nilai dulu baru nyoba....tapi kalau diliat dafi tampilan website oke banget,5
Kenapa tidak semua donasi saya terekam di aplikasi ya ? Maaf hanya sekadar bertanya,3
"sangat bagus aplikasinya,,masyaAllah..",5
"Bagus untuk menebar energi positif atau menebar kebaikan, marilah berlomba lomba dalam kebaikan",5
"Apk sedekah kereeeeen abizzz !!! Dijamin sedekahmu jadi mudah, berkah dan amanah dilengkapi fitur terbaru yang memudahkan aktivitasmu dalam beribadah keseharian nih @erissusanti39",5
Saya gak ada aplikasi gopay kak .bisa gak pencairan dana nya ke via bank ..atau ke aplikasi dana kak,5
Alhamdulilah dengan adanya amal sholeh ini sedekah sy bisa tersalurkan dengan baik.trimakasih amal sholeh,5
"Alhamdulillah, semoga langkah kita untuk menuju kebaikan selalu disertai dengan rasa ikhlas dan mendapatkan ridho Allah..Amiinn. @Rindu.arts",5
aplikasi ini sangat baik buat beramal sholeh,5
Bagus banget dan sangat bermanfaat.,5
Masya'alloh aplikasi yg sangat brmanfaat memudahkan untuk kita yg mau berbagi rizki dngan yg membutuhkan Smoga para admin selalu amanah Aamiin,5
"Assalamualaikum,min..tolong dunk pilihan pembayarannya tambah atu.Pake Akun Dana Misal🙏",5
sangat membantu dan bermanfaat,5
Semoga terus bermanfaat bagi seluruh umat muslim di Indonesia dan dunia,5
Alhamdulillah.ada kebahagiaan tersendiri dengan aplikasi Amalsoleh ini.Berharap bisa jadi ladang pahala.Aamiin,5
Mohon di tingkatkan lagi respon dari admin mengenai kendala saat melakukan pengisiian saldo,4
Sangat membantu bagi yg ingin Istiqomah Tilawah sembari Sedekah,5
"semoga berkah manfaat bagi umat dan bersatu dalam kebaikan menuju kemaslahatan umat,mecetak manusia manusia yang baik maju terus walaw ta seberapa penghasilan sisihkan hanya keberkahan dan rido alloh yg diinginkan setiap muslim",5
Bismilahirohman nirohim. Aplikasi bagus..,5
Alhamdulillah saya senang dengan aplikasi ini. Berkah melimpaahh..amal sholehdotcom.,5
rekomendasi bgt deh 👍,5
"Dengan aplikasi ini,....Alhamdulillah, dimudahkan dan diingatkan utk kebaikan. Terima kasih AmalSholeh🙏🙏",5
"Insaallah aflikasi ini bisa membatu kita semua,or2 sibuk,kalo mau beramal sholeh",5
menurut saya Kren mempermudah saya untuk berbagi sedekah untuk sesama,5
Bismiillah....semoga menjadi wadah kita untuk berbagi rezeki kepada sesama yg membutuhkan & jalan kita mengumpulkan Amal Jariyah....Amiinn allah huma amin 😇🤲🤲🤲,5
Terimakasih aplikasinya sangat bermanfaat,5
Jika aplikasi ini memang untuk kebaikan insyaallah dan mudah2an akan ada banyak orang yg beramalsholeh.,5
"Semoga aplikasi AmalSholeh bisa memberikan banyak manfaat khususnya bagi saudara2 kita baik yang terkena musibah, atau yang sedang membutuhkan bantuan. Beramal dimana saja sama, asalkan dengan hati dan niat yang ikhlas. Terus maju AmalSholeh sebagai perantara kami untuk saudara2 disana. Subhanallah, Walhamdulillah, Wala Ilahaillallah, Wallahu Akbar, Wala Haula Wala Quwwata Illabillah... @indra_irawan22",5
Alhamdulillah....Aplikasi yg sangat bermanfaat Dunia Akhirat. Semoga Berkah & ALLAH SWT. Ridho....Aamiin,5
"Alhamdulillah..dipermudah ..sangat bermanfaat sekali,,",5
Semoga Aplikasi ini bisa menambah pahala bagi kami,5
Mempermudah dalam melakukan donasi untuk membantu saudara sesama muslim.,5
"Allhamdulilah Ada APLIKASI AMALSHOLEH bisa untuk berdonasi walau dikit, yang penting niat Dan iklasnya berdonasi",5
"Alhamdulillah semakin mudah bersedekah ,,semoga amalsholeh semakin amanah ..aamiin 🤲 @dewindawie",5
"Mudah.....,up date......,professional.......,menenangkan......,menyenangkan.......👌👌👌👌👌👍👍👍",5
"semoga setiap amal kebaikan yang kita lakukan melalui program yg ada di app AmalaSholeh ini menjadi tabungan pahala kita dan keluarga kita yg telah tiada, آمين اللهم آمين يا ربل العالمين 🤲 🤲",5
"Jalan untuk berbuat kebaikan melalui amal Sholeh adalah jalan yang tepat untuk membantu sesama saudara seiman semoga kakak"" kita yang di bekerja di yayasan ini dengan ikhlas dan ridho serta amanah ,Allah SWT selalu berikan kesehatan serta Rizki yang halalal thoyiban ,Aamiin Yaa Robbal Aalamiin 🤲",5
Sangat membantu untuk mencari pahala,5
Alhamdulillah... selalu di ingatkan akan shodakoh ....,5
Saya udah donasi 1000rupiah tapi kok di riwayat donasi gg ada ya.. Jadi kesan nya kayak gg melakukan sedekah. Gimana sih maksud nya,3
"Alhamdulillah bisa memudahkan untuk beramal Soleh,lanjutkan perjuangannya... Semoga Allah meridhoi kita semua. Amin",5
Bismillah aplikasi bermanfaat bgt semoga menjadi keberkahan untuk kita semua & di Ridhoi oleh Allah Aamiin,5
"Masyaallah aplikasi yg memudahkan umat,terpercaya semoga kedepan mskin canggih dan makin sukses.",5
Mantap jd gampang berdonasi dan beramal Sholeh,5
Alhamdulillah aplikasi Amalsholeh paling bagus,5
Alhamdulillah a.alshileh sangat memudahkan untuk bersedekah...,5
"Aplikasinya belum ada Fitur Galang dana, tolong ditambah fitur Galang Dana agar memudahkan Orang atau Yayasan untuk mengalang dana lewat aplikasi ini",1
"Alhamdulillah semoga berkah, sangat bermanfaat",5
Smoga menjadi amal jariyah walau hanya jadi penyambung informasi,5
Sangat membantu untuk berinfak,5
aplikasi nya sangat bagus,5
Ikut amal sholeh biar berbagi manfaat untuk semua,5
Alhamdulillah semoga bs jd amal jariyah dr setiap org yg ber infaq dan sedekah,5
"Mempermudah kita untuk melakukan kebaikan beramal soleh ,, semoga amanah dalam setiap kebaikan kita ,, aamiin",5
"Semoga jadi amal yg di Terima di sisi Allah SWT, dan jadi penerang ketika kita sudah di liang kubur,, aamiin 🤲",5
Alhamdulillah barokah ada amal soleh dimudahkan untuk beramal Semangat terus Tim Amal soleh Semoga barokah rezki ku bisa bantu terus tim AMAL SOLEH IG. abduljabbar6983,5
Alhamdulillah bisa bersodaqoh kapan saja,5
Tidak bisa login,1
sangat membantu meringankan untuk yang terakhir Ngin sodakoh,5
Mudah-mudahan apk ini amanah.,5
"Subhanallah, sangat bermanfaat. Semoga dana yang terkumpul bermanfaat dan berkah dunia akhirat",5
Kenapa tidak bisa daftar,1
semoga menjadi aplikasi wasilah yg bermanfaat dan amanah,5
Alhamdulillah amalsholeh sekarang udah aplikasi memudahkan untuk ummat Semoga makin berjaya ! @m.rizkiarjun.s,5
"ko gak bisa daftar,,",3
"Selalu mengingatkan kita untuk bersedekah , masyaallah 😇",5
Semoga jadi ladang kebaikan,5
Ya rabb mudahkan lah hamba terus beramal soleh untuk meraih ampunan& ridho mu aamiin,5
beramal jadi lebih gampang,5
Alhamdulillah aplikasi bermanfaat dunia akhirat moga berkah dan diridhoi oleh Allah SWT,5
Sangat bermanfaat dan berguna bagi orang lain amin,5
Masya allah luar biasa aplikasi ini.. memudahkan bangett untuk sedekah 😇😊🙏🏻,5
"Bismillah assalamualaikum warahmatullahi wabarakatuh 🙏 Semoga lebih banyak lagi membuat kebaikan, sampai kita mati 🙃.. ""Karena apapun yang kita lakukan, akan selalu ada orang yang berkomentar negatif."" @nopri0998",5
Terima kasih sudah menjadi jembatan kebaikan..,5
Sangat bermanfaat untuk saling menolong,5
Terimakasih kami bisa menyalurkan sedikit bantuan bagi saudara kami lewat AmalSholeh,5
Alhamdulillah sudah bisa donasi dengan mudah semga amal ibadah kita di trima aamiin,5
MasyaAllah Tabarakallah dengan aplikasi ini kita ga pusing lagibsedekah subuh😁🙏,5
Alhamdulillah dipermudah untuk bersedekah melalui AmalSholeh ini .Berbagilah wlpun mrasa tak punya brapapun pnghasilan hari ini sisakan untk brsedekah krna bukan brapa besar jumlah yg harus diberi namun brapa tulus dan iklas yang akan kita berikan krna satu sedekah adalah jalan kita menuju surga .smoga slalu brmanfaat dan berkah Amin🙏🙏 @indahh_pspitaa,5
kalo mua buat program donasi gimana?,5
aplikasi mudah digunakan,5
Masyaallah aplikasi ini sangat bermanfaat..trimakasih,5
terimakasih telah memudahkan kami dalam melakukan kebaikan🙏,5
Barakallah sangat membantu sekali atas rejeki yg kita dapat sebagian ad hak org lain Terima kasih amalsholeh,5
lebih simple dalam beramal,5
Semoga aplikasi ini bisa bermanfaat bagi banyak orang @cacaa_ch,5
Alhamdulillah aplikasi yang ber-amanah.,5
"Masyaallah tabarakallah Semangaaat untuk terus bersedekah , Walaupun sedikit harta yang kita sedekahkan tapi sangat bermanfaat bagi orang yang membutuhkan, Ig : wapa samrotul janah",5
Sangat bagus baik dan berguna,5
Ya Allah lengkap banget menunya menuju akhirat... Syukron yg telah membuat apps ini.. Barakallahu,5
Sangat bagus sekali untuk membantu sodara2 kita yg saling membutuhkan. Aamiin Ya Allah 🤲🤲,5
"MashaAllah semoga aplikasi ini membawa kita dalam kebaikan ,semoag ALLAH swt membalas semua kebaikan yang kita berikan #aamiin",5
Luar biasa membantu mengingatkan untuk shodako,5
Semoga aplikasi Amal soleh amanah dalam menjalankan titipan ALLAH...,4
Subhanallah aplikasi ini benar2 membantu🙏😊,5
Mantap terbaik punya umat,5
"Masyaallah, semoga semakin menginspirasi.",5
"Saya uninstall.. Saya sudah sadaqoh, tapi laporan dibilang Blm..",1
jangan lupa baca sholawat dan salam pada nabi Muhammad shalallahu alaihi wasallam,5
Alhamdulillah bisa biasakan diri untuk beramal..,5
Semoga Allah SWT selalu melimpahkan rahmat dan karunia untuk kita semua... Terimakasih amal Soleh telah memfasilitasi saudara 2 kita yg ingin membantu saudara 2 kita dlm berbagai macam hal...🙏,5
Klo bukan kita sipa lagi Klo bukan sekarang kapan lagi,5
"Amal sholeh adalah Rumah infak online trbaik,juga terpercaya,🙏trimakasih,,barakallah",5
Semoga AmalSholeh makin bisa menjadi lebih baik lagi 😀🙏 @Frizy.Aceh,5
"Untuk masukan, agar metode pembayarannya ditambah via vitrtual account bank BCA.",5
Aplikasi yg mendidik dan membimbing ke syurga InsyaAllah👍🏻👍🏻👍🏻,5
Semoga sukses dan amanah selalu.,5
Memudahkan qta untuk menyimpan harta dilangit...,5
"Jadi gampang melakukan amal,infak dll.",5
Kesempatan utk beramal jadi.lebih luas,5
Bersedekqh menjadi lebih mudah,5
Alhamdulillah.. dengan adanya aplikasi ini hp saya bisa manfaat untuk umat. Insya Allah,5
Semoga kedepannya jadi lebih baik,5
"bismillah,, semoga dapat ridho nya Allah.",5
Semoga amanah Aamiin,5
InsyaAllah berkah,5
Innovasi yg luar biasa. Semoga team AmalSholeh semakin diberkahi kehidupannya,5
"Terima kasih Min sdh bikin aplikasi ini, semoga berkah dunia Akhirat & Semoga yang sudah donasi diperlancarkan rezkinya dan dilindungi oleh Allah S. W. T Aamiin 🙏",5
sangat membantu utk beramal,5
"Mantap, semoga Allah SWT meridhoi kita semua",5
Mempermudah yg ingit beramal saleh,5
"Masya Allah, berkah bermanfaat",5
Terima kasih untuk aplikasinya,5
sangat bermanfaat,5
Alhamdulillah..banyak pilihan untuk beramal sholeh,5
saling tolong menolong di jalan Allah SWT,5
insyallah dimudahkan segalanya,5
Sangat membantu sekali,5
amal saleh semoga selalu konsisten,5
Alhamdulillah amalsholeh semakin maju,5
Bermanfaat sekali bagi kita yang ingin investasi untuk akhirat. Semoga amal ibadah kita diterima Allah. Aamiin Ig : @titinsetyaa,5
Sangat membantu,5
Sangat bermanfaat,5
Sangat membantu,5
Alhamdullilah apk yg bermanfaat....,5
"Alhamdulillah wasyukurillah...insya Allah bermanfaat dunia akhirat,.Aamiin...",5
tingkatkan lagi.,5
Semoga menjadi ladang amal untuk kita semua.. aamiin,5
Semoga bisa membatu saya dan keluaga pada waktu di akhirat kelak.. Aamiin,5
Memudahkan untuk bersedekah,5
Alhamdulillah semoga berkah,5
wadah untuk membantu saudara2 muslimku,5
Semoga uangnya sampai kepada orang yang tepat.,5
Baru mulai... Semoga bermanfaat ... Aamiin.,5
insyaallah berkah dan doa dijabah amiiiinn,5
Sangat membantu saya,5
"Wow,mantapp..kerenn..",5
Masya Alloh mantep aplikasinya,5
ayo nabung utk akhirat,5
"MashaAllah ❤️❤️, aplikasinya oke",5
Semoga berkah & sukses dunia akhirat..,5
Beramal tanpa diketahui yg lain,5
Sebagai sarana beramal soleh..,5
Subhanallah Lengkap dzikir pagi Dan petang,5
Subhanallah sangat membantu,5
Aplikasi investasi akhirat,5
"Ngomongin aplikasi,. Haram",1
Semoga d berikan keberkahan..aamiin🤲,5
berbagi senyuman☺,5
insyaAllah bermanfaat,5
Semoga menjadi amal jariah untuk semua. Aamiin ya rabb,5
Aamiin...semoga amanah dan istiqomah,5
Mari kita ber amal utk akhirat....,4
MasyaAllah tabarakallah bermanfaat sekali❤️,5
mantul prosesnya,5
Semoga selalu amanah...,5
Smoga amanah & berkah,5
Good semoga berkah,5
Semoga amanah insyaAllah,5
bismilah semoga amanah amin,4
Tambahin pembayaran pake OVO..,4
Mogaa berkah bang . Maju trus,5
Untuk membantu,5
Belajar balas ayah dan ibu ku,5
Semoga amanah,5
Semoga menjadi nilai ibadah.Aamiiin.,5
Semoga berkah,5
Selamat dunia akhirat,5
semoga berkah,5
Semoga bermanfaat,5
Semoga Allah SWT meridhoi,5
Sangkat memantu,5
Alhamdllah berkah,5
Terbaik!👍🏻,5
Lengkap Lengkip,5
saya suka,5
Wow keren,5
bagus banget,5
Keren,5
Mantap,5
keren,5
👍,5
"baik, mudah",5
luar biasa,5
good job,5
Mntap bngt,5
Keren,5
kereen,5
keren,5
good,5
bermanfaat,5
Alhamdulillah,5
Bagus,3
Mantap,5
Bagus,5
👍,5
Aplikasi mantaap,5
istimewa,5
ok,5
Alhamdulillah dimudahkan sedekah subuhnya baarakallahu fiikum,5
MasyaAllah tabarokallah terbaik,5
Bagus bgt,5
Barakallah..,5
Mantap,5
Cukup,4
Mantapz,5
Barakallah,5
Oke,3
Kadang amal,5
Mantap,5
"One of the most user friendly muslim crowd funding app. Small size, many features...",5
INDAHNYA BERBAGI IG: @MIMAN_ALVIANN,5
Subhanallah Alhamdulillah Lailahaillallah Allahuakbar Allah Subhanahu Wa Ta'ala & Allahumma sholli 'ala Muhammad SAW @Rustam_hr,5
Masyaa Alloh. Semoga berkah.,5
Sangat meginspirasi..,5
Sangat Baik...,5
Terimakasih banyak 🙏👍👍🙏👍👍🙏🙏🙏😀😀👍🎉👍🎉👍👍👍,5
Luar biasaa,5
Sangat baik,5
Allahu akbar,5
Good app,5
Alhamdulillah.,5
Masyallah..,5
mantap....,5
👍👍👍👍👍👍👍🌟🌟🌟🌟🌟,5
Mumtaz,5
Mantap,5
Bgus,5
Mantap,5
Allhamdulillah,5
Ok,5
Amanah,5
Good,5
Baik,5
Masya Allah Tabarokalloh..,5
inshaalloh.. berberkah,5
Cukup baik..,4
Cakep euy 👍👍👍👍👍⭐⭐⭐⭐⭐,5
Terima kasih,5
Bismillah😇,5
Alhamdulillah ..,5
Mantul,5
Bismillahirrahmanirrahim,5
Kerennn 👍👍👍👍,5
Ok,5
Bismillahirrahmanirrahim,5
Barakallah,5
mantap,5
❤,5
Baraqallah ..,5
Alhamdulillah,5
oke,4
Alhamdulillah.,5
Alhamdulillah,5
Berkah,5
Mantull insha Allah Istiqomah Aamiin..,5
Masya Allah Ta barokallah,5
Masya Allah Tabarakallah,5
super app. thanks.,1
Masyaallah tabarakarrahman💕💕,5
Bagus,5
cakep,5
👍👍👍👍👍👍,5
Top,5
keren,5
Bagud,5
Bagus,5
👍👍,5
❤❤❤❤❤,5
